text,bbox,label,group_label
Brown,"[476.0, 1510.0, 637.0, 1546.0]",ItemDescription,1
Kool,"[346.0, 1618.0, 470.0, 1658.0]",ItemDescription,2
Milds,"[509.0, 1617.0, 671.0, 1658.0]",ItemDescription,2
Truck,"[775.0, 1621.0, 932.0, 1658.0]",ItemDescription,2
Stoppers,"[971.0, 1621.0, 1229.0, 1667.0]",ItemDescription,2
Program,"[1268.0, 1625.0, 1492.0, 1667.0]",ItemDescription,2
1980,"[1533.0, 1618.0, 1654.0, 1659.0]",ItemDescription,2
Partial,"[346.0, 1730.0, 566.0, 1767.0]",ItemDescription,2
Billing,"[609.0, 1729.0, 833.0, 1779.0]",ItemDescription,2
February,"[874.0, 1730.0, 1133.0, 1779.0]",ItemDescription,2
"1,","[1171.0, 1730.0, 1221.0, 1771.0]",ItemDescription,2
1981,"[1271.0, 1730.0, 1388.0, 1767.0]",ItemDescription,2
February,"[1497.0, 1730.0, 1754.0, 1780.0]",ItemDescription,2
28,"[1797.0, 1730.0, 1850.0, 1767.0]",ItemDescription,2
1981,"[1926.0, 1730.0, 2049.0, 1767.0]",ItemDescription,2
"$15,000.00","[2155.0, 1896.0, 2476.0, 1940.0]",TotalAmount,0
January,"[1956.0, 676.0, 2185.0, 721.0]",IssuedDate,0
