text,bbox,label,group_label
Cigaretten,"[757.0, 1312.0, 1031.0, 1357.0]",ItemDescription,1
Fabrieken,"[1065.0, 1315.0, 1307.0, 1352.0]",ItemDescription,1
being,"[1339.0, 1313.0, 1474.0, 1363.0]",ItemDescription,1
royalties,"[1507.0, 1316.0, 1749.0, 1362.0]",ItemDescription,1
for,"[1786.0, 1319.0, 1865.0, 1357.0]",ItemDescription,1
the,"[761.0, 1398.0, 835.0, 1430.0]",ItemDescription,1
month,"[866.0, 1398.0, 1003.0, 1431.0]",ItemDescription,1
of,"[1036.0, 1398.0, 1086.0, 1436.0]",ItemDescription,1
Auguat,"[1116.0, 1402.0, 1278.0, 1443.0]",ItemDescription,1
1984,"[1315.0, 1397.0, 1419.0, 1434.0]",ItemDescription,1
£52.540.05,"[2476.0, 1571.0, 2742.0, 1616.0]",ItemTotal,1
Augu-t,"[2365.0, 933.0, 2528.0, 974.0]",IssuedDate,0
