text,bbox,label,group_label
with,"[422.0, 1620.0, 570.0, 1661.0]",ItemDescription,1
co-counsel,"[613.0, 1624.0, 984.0, 1663.0]",ItemDescription,1
and,"[1030.0, 1620.0, 1138.0, 1661.0]",ItemDescription,1
staff,"[1185.0, 1621.0, 1361.0, 1662.0]",ItemDescription,1
of,"[1410.0, 1622.0, 1474.0, 1661.0]",ItemDescription,1
the,"[1520.0, 1620.0, 1623.0, 1660.0]",ItemDescription,1
Attorney,"[422.0, 1685.0, 719.0, 1734.0]",ItemDescription,1
General’s,"[765.0, 1683.0, 1100.0, 1725.0]",ItemDescription,1
office,"[1148.0, 1681.0, 1364.0, 1725.0]",ItemDescription,1
and,"[1411.0, 1682.0, 1515.0, 1724.0]",ItemDescription,1
the,"[1559.0, 1682.0, 1666.0, 1724.0]",ItemDescription,1
New,"[424.0, 1747.0, 533.0, 1785.0]",ItemDescription,1
York,"[575.0, 1747.0, 723.0, 1786.0]",ItemDescription,1
State,"[767.0, 1746.0, 949.0, 1787.0]",ItemDescription,1
Department,"[991.0, 1747.0, 1366.0, 1797.0]",ItemDescription,1
of,"[1409.0, 1747.0, 1477.0, 1787.0]",ItemDescription,1
Taxation,"[1522.0, 1742.0, 1817.0, 1786.0]",ItemDescription,1
and,"[429.0, 1809.0, 533.0, 1849.0]",ItemDescription,1
"Finance,","[577.0, 1806.0, 867.0, 1853.0]",ItemDescription,1
review,"[921.0, 1808.0, 1142.0, 1850.0]",ItemDescription,1
of,"[1185.0, 1809.0, 1250.0, 1850.0]",ItemDescription,1
prior,"[1298.0, 1807.0, 1478.0, 1860.0]",ItemDescription,1
"pleadings,","[1524.0, 1805.0, 1884.0, 1858.0]",ItemDescription,1
attention,"[427.0, 1866.0, 763.0, 1911.0]",ItemDescription,1
to,"[808.0, 1872.0, 877.0, 1912.0]",ItemDescription,1
the,"[920.0, 1871.0, 1026.0, 1913.0]",ItemDescription,1
motion,"[1068.0, 1868.0, 1289.0, 1912.0]",ItemDescription,1
to,"[1337.0, 1873.0, 1403.0, 1911.0]",ItemDescription,1
"intervene,","[1453.0, 1868.0, 1808.0, 1913.0]",ItemDescription,1
and,"[428.0, 1931.0, 532.0, 1973.0]",ItemDescription,1
all,"[579.0, 1935.0, 682.0, 1974.0]",ItemDescription,1
related,"[732.0, 1933.0, 989.0, 1973.0]",ItemDescription,1
legal,"[1036.0, 1935.0, 1216.0, 1982.0]",ItemDescription,1
"research,","[1262.0, 1932.0, 1583.0, 1977.0]",ItemDescription,1
tele¬,"[1639.0, 1934.0, 1818.0, 1973.0]",ItemDescription,1
phone,"[427.0, 1995.0, 609.0, 2047.0]",ItemDescription,1
"communications,","[654.0, 1992.0, 1209.0, 2039.0]",ItemDescription,1
correspondence,"[1260.0, 1994.0, 1782.0, 2045.0]",ItemDescription,1
and,"[430.0, 2056.0, 534.0, 2097.0]",ItemDescription,1
advice,"[581.0, 2056.0, 802.0, 2097.0]",ItemDescription,1
and,"[848.0, 2057.0, 955.0, 2098.0]",ItemDescription,1
counsel,"[998.0, 2059.0, 1252.0, 2099.0]",ItemDescription,1
to,"[1303.0, 2061.0, 1370.0, 2098.0]",ItemDescription,1
October,"[1416.0, 2056.0, 1670.0, 2098.0]",ItemDescription,1
"31,","[1717.0, 2055.0, 1812.0, 2101.0]",ItemDescription,1
1985..,"[434.0, 2118.0, 1057.0, 2161.0]",ItemDescription,1
852.00,"[2511.0, 2115.0, 2728.0, 2158.0]",ItemTotal,1
Photocopies.-...,"[510.0, 2366.0, 1288.0, 2418.0]",ItemDescription,2
21.00,"[1458.0, 2365.0, 1636.0, 2409.0]",ItemDescription,2
Express,"[511.0, 2494.0, 766.0, 2543.0]",ItemDescription,3
Mail..,"[813.0, 2490.0, 1252.0, 2534.0]",ItemDescription,3
67.50,"[2552.0, 2488.0, 2731.0, 2531.0]",ItemTotal,3
8261,"[1968.0, 1181.0, 2105.0, 1223.0]",InvoiceNumber,0
919.50,"[2518.0, 2613.0, 2736.0, 2656.0]",TotalAmount,0
November,"[1813.0, 1121.0, 2105.0, 1162.0]",IssuedDate,0
