text,bbox,label,group_label
Design,"[676.0, 2042.0, 829.0, 2092.0]",ItemDescription,1
423.20,"[2443.0, 2042.0, 2593.0, 2080.0]",ItemTotal,1
Cornprahensivejs,"[675.0, 2113.0, 1042.0, 2163.0]",ItemDescription,2
Production,"[675.0, 2187.0, 908.0, 2226.0]",ItemDescription,2
6.776.80,"[2401.0, 2116.0, 2593.0, 2155.0]",ItemTotal,2
Typography,"[677.0, 2262.0, 933.0, 2309.0]",ItemDescription,3
Mechanicals,"[675.0, 2337.0, 950.0, 2375.0]",ItemDescription,3
S28.797.24,"[2347.0, 2480.0, 2588.0, 2522.0]",ItemTotal,3
"$30,525.07","[2346.0, 2698.0, 2589.0, 2741.0]",TotalAmount,0
December,"[679.0, 871.0, 908.0, 912.0]",IssuedDate,0
