text,bbox,label,group_label
MEMBERSHIP,"[355.0, 1938.0, 708.0, 1977.0]",ItemDescription,1
KIT,"[750.0, 1942.0, 850.0, 1977.0]",ItemDescription,1
CERTIFICATES,"[359.0, 1996.0, 779.0, 2034.0]",ItemDescription,1
COUPONS,"[358.0, 2055.0, 604.0, 2092.0]",ItemDescription,1
TO,"[821.0, 1996.0, 883.0, 2034.0]",ItemDescription,1
BE,"[926.0, 1996.0, 991.0, 2034.0]",ItemDescription,1
KEYED,"[1033.0, 1996.0, 1204.0, 2034.0]",ItemDescription,1
ONLY,"[1243.0, 1996.0, 1379.0, 2034.0]",ItemDescription,1
LIGHTERS,"[362.0, 2112.0, 637.0, 2148.0]",ItemDescription,1
$50,"[362.0, 2163.0, 458.0, 2206.0]",ItemDescription,1
BOND,"[501.0, 2167.0, 640.0, 2204.0]",ItemDescription,1
248,"[1743.0, 2167.0, 1838.0, 2205.0]",ItemTotal,1
$100,"[362.0, 2217.0, 495.0, 2259.0]",ItemDescription,2
BOND,"[538.0, 2222.0, 675.0, 2259.0]",ItemDescription,2
SERVICE:,"[220.0, 2388.0, 487.0, 2426.0]",ItemDescription,2
MEMBERSHIP,"[534.0, 2388.0, 887.0, 2426.0]",ItemDescription,2
KITS,"[926.0, 2388.0, 1062.0, 2426.0]",ItemDescription,2
$323.40,"[2344.0, 2388.0, 2585.0, 2432.0]",ItemTotal,2
539,"[1355.0, 2388.0, 1450.0, 2426.0]",ItemUnitCount,2
$0.60,"[1672.0, 2385.0, 1839.0, 2430.0]",ItemUnitValue,2
UPDATE,"[537.0, 2446.0, 746.0, 2481.0]",ItemDescription,3
RECORDS,"[784.0, 2447.0, 1026.0, 2481.0]",ItemDescription,3
$35.10,"[2380.0, 2447.0, 2585.0, 2488.0]",ItemTotal,3
117,"[1355.0, 2446.0, 1450.0, 2484.0]",ItemUnitCount,3
$0.30,"[1672.0, 2442.0, 1839.0, 2484.0]",ItemUnitValue,3
COUPONS,"[537.0, 2501.0, 780.0, 2538.0]",ItemDescription,4
$44.70,"[2380.0, 2500.0, 2585.0, 2542.0]",ItemTotal,4
$0.30,"[1672.0, 2501.0, 1838.0, 2542.0]",ItemUnitValue,4
LIGHTERS,"[538.0, 2559.0, 816.0, 2597.0]",ItemDescription,5
$18.30,"[2380.0, 2555.0, 2585.0, 2604.0]",ItemTotal,5
$0.30,"[1672.0, 2555.0, 1839.0, 2601.0]",ItemUnitValue,5
DUPE,"[221.0, 2676.0, 358.0, 2709.0]",ItemDescription,6
BONDS,"[537.0, 2617.0, 708.0, 2653.0]",ItemDescription,6
ELINIMATION,"[399.0, 2676.0, 780.0, 2713.0]",ItemDescription,6
$981.00,"[2347.0, 2617.0, 2585.0, 2659.0]",ItemTotal,6
$2.25,"[1672.0, 2613.0, 1843.0, 2659.0]",ItemUnitValue,6
SERVICE,"[225.0, 2789.0, 462.0, 2827.0]",ItemDescription,7
TO,"[504.0, 2789.0, 571.0, 2826.0]",ItemDescription,7
SEND,"[612.0, 2789.0, 750.0, 2826.0]",ItemDescription,7
QUARTERLY,"[787.0, 2789.0, 1100.0, 2834.0]",ItemDescription,7
$50,"[1496.0, 2731.0, 1592.0, 2776.0]",ItemDescription,7
$50.00,"[2380.0, 2730.0, 2585.0, 2776.0]",ItemTotal,7
STATEMENT,"[363.0, 2847.0, 675.0, 2884.0]",ItemDescription,8
#2,"[716.0, 2841.0, 779.0, 2888.0]",ItemDescription,8
"$1,056.75","[2276.0, 2847.0, 2585.0, 2892.0]",ItemTotal,8
4227,"[1321.0, 2847.0, 1450.0, 2885.0]",ItemUnitCount,8
$0.25,"[1672.0, 2842.0, 1843.0, 2891.0]",ItemUnitValue,8
MAILERS:,"[217.0, 2902.0, 488.0, 2938.0]",ItemDescription,9
LIGHTERS,"[541.0, 2902.0, 816.0, 2939.0]",ItemDescription,9
$10.07,"[2380.0, 2901.0, 2584.0, 2947.0]",ItemTotal,9
61,"[1393.0, 2902.0, 1450.0, 2942.0]",ItemUnitCount,9
$0.17,"[1672.0, 2901.0, 1839.0, 2943.0]",ItemUnitValue,9
MESSENGER,"[216.0, 2956.0, 533.0, 2992.0]",ItemDescription,10
SERVICE',"[575.0, 2959.0, 816.0, 2993.0]",ItemDescription,10
TO,"[858.0, 2959.0, 924.0, 2992.0]",ItemDescription,10
SEND,"[963.0, 2959.0, 1100.0, 2996.0]",ItemDescription,10
BOND,"[1143.0, 2959.0, 1279.0, 2997.0]",ItemDescription,10
TAPE,"[1318.0, 2959.0, 1454.0, 2997.0]",ItemDescription,10
TO,"[362.0, 3013.0, 429.0, 3050.0]",ItemDescription,10
FEDERAL,"[467.0, 3013.0, 708.0, 3051.0]",ItemDescription,10
RESERVE,"[751.0, 3013.0, 991.0, 3054.0]",ItemDescription,10
$130.00,"[2347.0, 3013.0, 2585.0, 3056.0]",ItemTotal,10
MAG,"[217.0, 3063.0, 320.0, 3098.0]",ItemDescription,11
TAPE,"[362.0, 3063.0, 496.0, 3101.0]",ItemDescription,11
$50.00,"[2383.0, 3127.0, 2585.0, 3172.0]",ItemTotal,11
TAPE,"[220.0, 3177.0, 358.0, 3213.0]",ItemDescription,12
REEL,"[396.0, 3180.0, 533.0, 3215.0]",ItemDescription,12
$35.00,"[2380.0, 3184.0, 2585.0, 3226.0]",ItemTotal,12
POSTAGE,"[225.0, 3234.0, 462.0, 3272.0]",ItemDescription,13
VIA,"[504.0, 3235.0, 604.0, 3272.0]",ItemDescription,13
UPS,"[642.0, 3235.0, 742.0, 3272.0]",ItemDescription,13
$2.30,"[2418.0, 3238.0, 2585.0, 3284.0]",ItemTotal,13
"$2,736.62","[2276.0, 3356.0, 2585.0, 3401.0]",TotalAmount,0
