text,bbox,label,group_label
RETAIL,"[187.0, 1759.0, 395.0, 1802.0]",ItemDescription,1
COUPON,"[433.0, 1758.0, 640.0, 1803.0]",ItemDescription,1
PROCESSING,"[680.0, 1755.0, 1024.0, 1800.0]",ItemDescription,1
S23.75/M,"[1137.0, 1754.0, 1408.0, 1801.0]",ItemDescription,1
"89,400.27","[2593.0, 1744.0, 2900.0, 1793.0]",ItemTotal,1
CHARGE,"[714.0, 1873.0, 922.0, 1914.0]",ItemDescription,2
"2,315.00","[2628.0, 1859.0, 2903.0, 1906.0]",ItemTotal,2
00365a,"[2100.0, 594.0, 2300.0, 638.0]",InvoiceNumber,0
"97,265.67","[2593.0, 1973.0, 2901.0, 2019.0]",TotalAmount,0
