text,bbox,label,group_label
Art/Meciianicate,"[728.0, 2021.0, 1077.0, 2060.0]",ItemDescription,1
Type,"[729.0, 2096.0, 832.0, 2142.0]",ItemDescription,1
"$5,602.84","[2443.0, 2021.0, 2660.0, 2063.0]",ItemTotal,1
Lisi,"[729.0, 2167.0, 803.0, 2205.0]",ItemDescription,2
Pull/database,"[821.0, 2167.0, 1116.0, 2205.0]",ItemDescription,2
Services,"[1134.0, 2167.0, 1321.0, 2205.0]",ItemDescription,2
"4,463.95","[2468.0, 2167.0, 2656.0, 2209.0]",ItemTotal,2
Slate,"[729.0, 2238.0, 833.0, 2280.0]",ItemDescription,3
Copies,"[726.0, 2313.0, 879.0, 2360.0]",ItemDescription,3
Faxes,"[728.0, 2387.0, 857.0, 2426.0]",ItemDescription,3
creight,"[725.0, 2459.0, 880.0, 2506.0]",ItemDescription,3
(Mair,"[896.0, 2459.0, 996.0, 2504.0]",ItemDescription,3
tapes)*,"[1013.0, 2459.0, 1168.0, 2505.0]",ItemDescription,3
Messenger*,"[725.0, 2534.0, 987.0, 2581.0]",ItemDescription,3
Miscellaneous*,"[725.0, 2604.0, 1054.0, 2642.0]",ItemDescription,3
27.00,"[2535.0, 2460.0, 2656.0, 2501.0]",ItemTotal,3
#11-0197,"[938.0, 1509.0, 1187.0, 1551.0]",InvoiceNumber,0
"$11,264.65","[2414.0, 2967.0, 2656.0, 3009.0]",TotalAmount,0
November,"[734.0, 783.0, 962.0, 825.0]",IssuedDate,0
