text,bbox,label,group_label
Artwork,"[672.0, 2305.0, 837.0, 2339.0]",ItemDescription,1
"$17,963.50","[2343.0, 2301.0, 2585.0, 2343.0]",ItemTotal,1
Production,"[671.0, 2373.0, 904.0, 2413.0]",ItemDescription,2
Typography,"[671.0, 2447.0, 926.0, 2497.0]",ItemDescription,2
12.475.25,"[2375.0, 2447.0, 2586.0, 2489.0]",ItemTotal,2
Mechanicals,"[671.0, 2522.0, 942.0, 2559.0]",ItemDescription,3
29.528.45,"[2372.0, 2518.0, 2585.0, 2561.0]",ItemTotal,3
#02-0461,"[884.0, 1446.0, 1126.0, 1491.0]",InvoiceNumber,0
"$73597,01","[2339.0, 2885.0, 2576.0, 2930.0]",TotalAmount,0
Fetiruary,"[679.0, 791.0, 875.0, 834.0]",IssuedDate,0
