text,bbox,label,group_label
Phase,"[966.0, 2172.0, 1096.0, 2210.0]",ItemDescription,1
I,"[1118.0, 2175.0, 1125.0, 2209.0]",ItemDescription,1
Coupon,"[1146.0, 2172.0, 1317.0, 2217.0]",ItemDescription,1
Distributions,"[1337.0, 2172.0, 1606.0, 2213.0]",ItemDescription,1
"$3,233.03","[2468.0, 2173.0, 2688.0, 2214.0]",ItemTotal,1
"340,000","[750.0, 2172.0, 926.0, 2215.0]",ItemUnitCount,1
Phase,"[962.0, 2322.0, 1096.0, 2355.0]",ItemDescription,2
II,"[1118.0, 2322.0, 1138.0, 2355.0]",ItemDescription,2
Coupon,"[1162.0, 2317.0, 1333.0, 2364.0]",ItemDescription,2
Distributions,"[1354.0, 2322.0, 1622.0, 2358.0]",ItemDescription,2
"3,135","[2493.0, 2321.0, 2615.0, 2363.0]",ItemTotal,2
"330,000","[750.0, 2317.0, 927.0, 2359.0]",ItemUnitCount,2
Phase,"[962.0, 2466.0, 1096.0, 2505.0]",ItemDescription,3
III,"[1117.0, 2466.0, 1151.0, 2502.0]",ItemDescription,3
Coupon,"[1175.0, 2466.0, 1347.0, 2510.0]",ItemDescription,3
Dislribulions,"[1367.0, 2467.0, 1634.0, 2505.0]",ItemDescription,3
"3,135.00","[2493.0, 2466.0, 2685.0, 2509.0]",ItemTotal,3
"330,000","[748.0, 2467.0, 925.0, 2509.0]",ItemUnitCount,3
#05-0096,"[966.0, 1584.0, 1217.0, 1629.0]",InvoiceNumber,0
"59,500.00","[2464.0, 2684.0, 2685.0, 2726.0]",TotalAmount,0
May,"[758.0, 780.0, 850.0, 826.0]",IssuedDate,0
