text,bbox,label,group_label
Fee,"[326.0, 1343.0, 418.0, 1380.0]",ItemDescription,1
for,"[469.0, 1341.0, 564.0, 1379.0]",ItemDescription,1
gear-up,"[607.0, 1353.0, 843.0, 1391.0]",ItemDescription,1
and,"[890.0, 1344.0, 985.0, 1379.0]",ItemDescription,1
execution,"[1031.0, 1343.0, 1340.0, 1381.0]",ItemDescription,1
n,"[1385.0, 1354.0, 1406.0, 1379.0]",ItemDescription,1
E,"[1424.0, 1342.0, 1443.0, 1383.0]",ItemDescription,1
additional,"[327.0, 1399.0, 668.0, 1439.0]",ItemDescription,1
sampling,"[719.0, 1398.0, 985.0, 1449.0]",ItemDescription,1
in,"[1036.0, 1402.0, 1093.0, 1440.0]",ItemDescription,1
Los,"[1136.0, 1405.0, 1231.0, 1443.0]",ItemDescription,1
Angeles,"[1278.0, 1404.0, 1515.0, 1450.0]",ItemDescription,1
and,"[327.0, 1459.0, 419.0, 1497.0]",ItemDescription,1
San,"[473.0, 1463.0, 565.0, 1496.0]",ItemDescription,1
Francisco,"[611.0, 1457.0, 915.0, 1497.0]",ItemDescription,1
"$4,000.00","[2267.0, 1463.0, 2579.0, 1510.0]",ItemTotal,1
May,"[1453.0, 528.0, 1552.0, 574.0]",IssuedDate,0
