text,bbox,label,group_label
"""CARLTON","[616.0, 1443.0, 905.0, 1489.0]",ItemDescription,1
PULL,"[912.0, 1446.0, 1055.0, 1489.0]",ItemDescription,1
OUT',"[1070.0, 1445.0, 1218.0, 1488.0]",ItemDescription,1
"42,000#","[617.0, 1583.0, 805.0, 1630.0]",ItemDescription,1
of,"[825.0, 1582.0, 875.0, 1627.0]",ItemDescription,1
80#,"[889.0, 1584.0, 971.0, 1626.0]",ItemDescription,1
Sterling,"[990.0, 1583.0, 1167.0, 1640.0]",ItemDescription,1
C2S-36,"[1184.0, 1586.0, 1356.0, 1628.0]",ItemDescription,1
"1/2""","[1381.0, 1586.0, 1468.0, 1627.0]",ItemDescription,1
"$20,580.","[2606.0, 1591.0, 2803.0, 1641.0]",ItemTotal,1
"31,000#","[618.0, 1653.0, 806.0, 1703.0]",ItemDescription,2
of,"[822.0, 1651.0, 876.0, 1697.0]",ItemDescription,2
80#,"[889.0, 1655.0, 971.0, 1696.0]",ItemDescription,2
Sterling,"[990.0, 1653.0, 1164.0, 1707.0]",ItemDescription,2
C2S-26,"[1182.0, 1653.0, 1356.0, 1698.0]",ItemDescription,2
"1/2""","[1381.0, 1652.0, 1468.0, 1697.0]",ItemDescription,2
"15,190.","[2644.0, 1661.0, 2803.0, 1707.0]",ItemTotal,2
Prep-(Line,"[619.0, 1792.0, 865.0, 1847.0]",ItemDescription,3
"Negatives,","[881.0, 1793.0, 1119.0, 1846.0]",ItemDescription,3
paper,"[1140.0, 1805.0, 1268.0, 1849.0]",ItemDescription,3
"prints,","[1286.0, 1801.0, 1421.0, 1848.0]",ItemDescription,3
1,"[1448.0, 1797.0, 1461.0, 1836.0]",ItemDescription,3
hour,"[1486.0, 1795.0, 1590.0, 1837.0]",ItemDescription,3
camera/stripping,"[769.0, 1862.0, 1148.0, 1918.0]",ItemDescription,3
lime),"[1169.0, 1862.0, 1284.0, 1919.0]",ItemDescription,3
431.,"[2708.0, 1869.0, 2803.0, 1911.0]",ItemTotal,3
Federal,"[616.0, 1999.0, 783.0, 2041.0]",ItemDescription,4
Express,"[803.0, 2001.0, 985.0, 2055.0]",ItemDescription,4
48.,"[2734.0, 2007.0, 2801.0, 2048.0]",ItemTotal,4
87628D,"[2339.0, 205.0, 2523.0, 249.0]",InvoiceNumber,0
"$36,250.:","[2604.0, 2630.0, 2821.0, 2682.0]",TotalAmount,0
December,"[2357.0, 414.0, 2595.0, 458.0]",IssuedDate,0
