text,bbox,label,group_label
13-1,"[950.0, 1669.0, 1046.0, 1709.0]",ItemDescription,1
PRIVATE,"[952.0, 1485.0, 1179.0, 1521.0]",ItemDescription,2
"STOCK,","[1201.0, 1487.0, 1400.0, 1529.0]",ItemDescription,2
"PRIME,","[1426.0, 1484.0, 1600.0, 1526.0]",ItemDescription,2
SUMMIT,"[1626.0, 1484.0, 1833.0, 1521.0]",ItemDescription,2
Spanish,"[1856.0, 1487.0, 2055.0, 1533.0]",ItemDescription,2
Point-or-Sale,"[2083.0, 1485.0, 2404.0, 1521.0]",ItemDescription,2
PRIVATE,"[951.0, 1609.0, 1179.0, 1646.0]",ItemDescription,2
STOCK,"[1200.0, 1609.0, 1383.0, 1646.0]",ItemDescription,2
Spanish,"[1408.0, 1609.0, 1608.0, 1655.0]",ItemDescription,2
Package,"[1634.0, 1609.0, 1842.0, 1655.0]",ItemDescription,2
Display,"[1867.0, 1609.0, 2054.0, 1658.0]",ItemDescription,2
"Cards,","[2072.0, 1609.0, 2235.0, 1651.0]",ItemDescription,2
"$9,4","[2530.0, 1609.0, 2627.0, 1650.0]",ItemUnitValue,2
MATERIAL,"[950.0, 1734.0, 1221.0, 1772.0]",ItemDescription,3
CODE:,"[1247.0, 1734.0, 1413.0, 1775.0]",ItemDescription,3
COA-03000-PS-SP,"[1455.0, 1734.0, 1904.0, 1775.0]",ItemDescription,3
PRIME,"[950.0, 1859.0, 1113.0, 1896.0]",ItemDescription,3
Spanish,"[1137.0, 1859.0, 1337.0, 1905.0]",ItemDescription,3
Package,"[1363.0, 1859.0, 1571.0, 1905.0]",ItemDescription,3
Display,"[1597.0, 1859.0, 1783.0, 1906.0]",ItemDescription,3
"Cards,","[1805.0, 1859.0, 1964.0, 1905.0]",ItemDescription,3
"13-1/2""","[1989.0, 1859.0, 2160.0, 1896.0]",ItemDescription,3
x,"[2180.0, 1867.0, 2205.0, 1896.0]",ItemDescription,3
MATERIAL,"[951.0, 1917.0, 1221.0, 1955.0]",ItemDescription,3
CODE:,"[1246.0, 1917.0, 1413.0, 1955.0]",ItemDescription,3
CDA-03000-PE-SP,"[1455.0, 1917.0, 1904.0, 1955.0]",ItemDescription,3
"3,000","[387.0, 1859.0, 511.0, 1900.0]",ItemUnitCount,3
SUMMIT,"[950.0, 2041.0, 1154.0, 2080.0]",ItemDescription,4
Spanish,"[1179.0, 2042.0, 1380.0, 2084.0]",ItemDescription,4
Package,"[1405.0, 2042.0, 1613.0, 2088.0]",ItemDescription,4
Display,"[1639.0, 2042.0, 1826.0, 2088.0]",ItemDescription,4
"Cards,","[1844.0, 2042.0, 2005.0, 2087.0]",ItemDescription,4
"13-1/2""","[2033.0, 2042.0, 2200.0, 2080.0]",ItemDescription,4
MATERIAL,"[947.0, 2101.0, 1218.0, 2142.0]",ItemDescription,4
CODE:,"[1242.0, 2102.0, 1412.0, 2142.0]",ItemDescription,4
CDA-O30OC-SUM-SP,"[1454.0, 2102.0, 1954.0, 2142.0]",ItemDescription,4
"2,000","[383.0, 2039.0, 511.0, 2084.0]",ItemUnitCount,4
July,"[2093.0, 536.0, 2197.0, 583.0]",IssuedDate,0
