text,bbox,label,group_label
Travel,"[127.0, 1656.0, 302.0, 1692.0]",ItemDescription,1
out-of-pocket,"[398.0, 1656.0, 782.0, 1698.0]",ItemDescription,1
"$2,516.28","[1136.0, 1649.0, 1395.0, 1691.0]",ItemTotal,1
"$2,516.28","[2583.0, 1645.0, 2842.0, 1687.0]",ItemUnitValue,1
Sponsorship,"[132.0, 1714.0, 453.0, 1759.0]",ItemDescription,2
costa,"[487.0, 1719.0, 628.0, 1747.0]",ItemDescription,2
347.70,"[2671.0, 1706.0, 2846.0, 1740.0]",ItemTotal,2
347.7,"[1228.0, 1709.0, 1365.0, 1742.0]",ItemUnitValue,2
S805748,"[1693.0, 885.0, 1893.0, 922.0]",InvoiceNumber,0
December,"[1453.0, 359.0, 1683.0, 392.0]",IssuedDate,0
