text,bbox,label,group_label
Creative,"[525.0, 1658.0, 807.0, 1699.0]",ItemDescription,1
"Development,","[848.0, 1660.0, 1254.0, 1710.0]",ItemDescription,1
Fees,"[1305.0, 1661.0, 1440.0, 1699.0]",ItemDescription,1
and,"[524.0, 1720.0, 627.0, 1758.0]",ItemDescription,1
Art,"[665.0, 1721.0, 769.0, 1758.0]",ItemDescription,1
thru,"[811.0, 1717.0, 944.0, 1759.0]",ItemDescription,1
Mechanical.,"[986.0, 1715.0, 1358.0, 1760.0]",ItemDescription,1
"6,375.00","[2225.0, 1720.0, 2496.0, 1766.0]",ItemTotal,1
14833,"[2158.0, 898.0, 2319.0, 936.0]",InvoiceNumber,0
July,"[2149.0, 1073.0, 2286.0, 1123.0]",IssuedDate,0
