text,bbox,label,group_label
Select,"[754.0, 1854.0, 890.0, 1894.0]",ItemDescription,1
specified,"[908.0, 1853.0, 1108.0, 1898.0]",ItemDescription,1
records,"[1129.0, 1854.0, 1291.0, 1893.0]",ItemDescription,1
from,"[1312.0, 1850.0, 1405.0, 1893.0]",ItemDescription,1
"ATCo,","[1425.0, 1853.0, 1551.0, 1893.0]",ItemDescription,1
database,"[1572.0, 1853.0, 1776.0, 1893.0]",ItemDescription,1
Minimum,"[752.0, 1925.0, 948.0, 1965.0]",ItemDescription,1
charge,"[969.0, 1927.0, 1124.0, 1974.0]",ItemDescription,1
lor,"[1144.0, 1926.0, 1202.0, 1963.0]",ItemDescription,1
Database,"[1219.0, 1925.0, 1428.0, 1965.0]",ItemDescription,1
passing,"[1449.0, 1926.0, 1615.0, 1973.0]",ItemDescription,1
"$1,764.75","[2466.0, 1922.0, 2683.0, 1967.0]",ItemTotal,1
Household,"[755.0, 1998.0, 988.0, 2039.0]",ItemDescription,2
level,"[1009.0, 1998.0, 1107.0, 2037.0]",ItemDescription,2
Merge/Purge,"[1126.0, 1998.0, 1414.0, 2047.0]",ItemDescription,2
"1,051.87","[2498.0, 1996.0, 2687.0, 2041.0]",ItemTotal,2
Pass,"[754.0, 2071.0, 861.0, 2110.0]",ItemDescription,3
file,"[879.0, 2070.0, 940.0, 2108.0]",ItemDescription,3
to,"[958.0, 2072.0, 996.0, 2108.0]",ItemDescription,3
Nth/Split/Crea(e,"[1015.0, 2069.0, 1361.0, 2113.0]",ItemDescription,3
Control,"[1379.0, 2069.0, 1533.0, 2109.0]",ItemDescription,3
celis/Assign,"[1553.0, 2069.0, 1812.0, 2116.0]",ItemDescription,3
Source,"[755.0, 2142.0, 909.0, 2182.0]",ItemDescription,3
Codes,"[927.0, 2142.0, 1071.0, 2182.0]",ItemDescription,3
Programming,"[753.0, 2213.0, 1050.0, 2261.0]",ItemDescription,3
Project,"[1121.0, 2211.0, 1274.0, 2260.0]",ItemDescription,3
Management,"[1288.0, 2213.0, 1575.0, 2261.0]",ItemDescription,3
3,"[1625.0, 2212.0, 1651.0, 2252.0]",ItemDescription,3
days,"[1668.0, 2214.0, 1771.0, 2260.0]",ItemDescription,3
882.3B,"[1847.0, 2210.0, 1996.0, 2251.0]",ItemDescription,3
441.19,"[2537.0, 2139.0, 2686.0, 2176.0]",ItemTotal,3
per,"[756.0, 2296.0, 827.0, 2333.0]",ItemDescription,4
day,"[845.0, 2286.0, 927.0, 2332.0]",ItemDescription,4
2.647.12,"[2496.0, 2283.0, 2688.0, 2324.0]",ItemTotal,4
NCOA,"[754.0, 2356.0, 900.0, 2398.0]",ItemDescription,5
Processing,"[917.0, 2358.0, 1155.0, 2408.0]",ItemDescription,5
374.285,"[1213.0, 2357.0, 1389.0, 2397.0]",ItemDescription,5
records,"[1405.0, 2357.0, 1571.0, 2397.0]",ItemDescription,5
2/M,"[1643.0, 2355.0, 1722.0, 2397.0]",ItemDescription,5
Shipping,"[756.0, 2430.0, 950.0, 2479.0]",ItemDescription,5
880.69,"[2539.0, 2353.0, 2687.0, 2396.0]",ItemTotal,5
"$6,639.12","[2472.0, 2573.0, 2693.0, 2619.0]",TotalAmount,0
1993,"[919.0, 833.0, 1023.0, 875.0]",IssuedDate,0
