text,bbox,label,group_label
Data,"[708.0, 1817.0, 812.0, 1857.0]",ItemDescription,1
Entry,"[829.0, 1821.0, 941.0, 1866.0]",ItemDescription,1
’Look,"[959.0, 1820.0, 1079.0, 1858.0]",ItemDescription,1
Book',"[1097.0, 1818.0, 1221.0, 1858.0]",ItemDescription,1
Requests,"[1242.0, 1820.0, 1447.0, 1867.0]",ItemDescription,1
"(4,384","[1462.0, 1817.0, 1600.0, 1864.0]",ItemDescription,1
pcs.,"[1620.0, 1829.0, 1708.0, 1863.0]",ItemDescription,1
$470.,"[1784.0, 1817.0, 1901.0, 1859.0]",ItemDescription,1
"$2,063.11","[2418.0, 1816.0, 2630.0, 1859.0]",ItemTotal,1
Output,"[708.0, 1888.0, 859.0, 1934.0]",ItemDescription,2
labvets,"[879.0, 1889.0, 1029.0, 1930.0]",ItemDescription,2
for,"[1051.0, 1888.0, 1108.0, 1930.0]",ItemDescription,2
fulfillment,"[1125.0, 1888.0, 1333.0, 1931.0]",ItemDescription,2
58.82,"[2514.0, 1888.0, 2635.0, 1930.0]",ItemTotal,2
Programming,"[708.0, 1963.0, 1004.0, 2009.0]",ItemDescription,3
(or,"[1025.0, 1963.0, 1080.0, 2001.0]",ItemDescription,3
data,"[1097.0, 1966.0, 1196.0, 2001.0]",ItemDescription,3
entry,"[1213.0, 1967.0, 1321.0, 2009.0]",ItemDescription,3
Management,"[708.0, 2034.0, 996.0, 2084.0]",ItemDescription,3
Fee,"[1016.0, 2034.0, 1096.0, 2076.0]",ItemDescription,3
covering,"[1113.0, 2036.0, 1301.0, 2084.0]",ItemDescription,3
supervision,"[1322.0, 2035.0, 1571.0, 2080.0]",ItemDescription,3
of,"[1589.0, 2034.0, 1629.0, 2071.0]",ItemDescription,3
gala,"[1647.0, 2038.0, 1743.0, 2076.0]",ItemDescription,3
eniry,"[1764.0, 2039.0, 1868.0, 2082.0]",ItemDescription,3
and,"[1889.0, 2035.0, 1968.0, 2075.0]",ItemDescription,3
reporting,"[1989.0, 2035.0, 2180.0, 2084.0]",ItemDescription,3
346.48,"[2489.0, 1963.0, 2636.0, 2001.0]",ItemTotal,3
A.,"[742.0, 2109.0, 783.0, 2147.0]",ItemDescription,4
Kaminsky,"[805.0, 2109.0, 1016.0, 2155.0]",ItemDescription,4
"(19,75","[1033.0, 2109.0, 1172.0, 2155.0]",ItemDescription,4
hrs.),"[1192.0, 2109.0, 1287.0, 2155.0]",ItemDescription,4
1.659.CO,"[2450.0, 2109.0, 2635.0, 2150.0]",ItemTotal,4
Mfec.,"[708.0, 2180.0, 821.0, 2217.0]",ItemDescription,5
"(copies,","[841.0, 2180.0, 1016.0, 2226.0]",ItemDescription,5
"freight,","[1037.0, 2180.0, 1187.0, 2230.0]",ItemDescription,5
317.44,"[2485.0, 2180.0, 2635.0, 2221.0]",ItemTotal,5
401-0273,"[921.0, 1521.0, 1172.0, 1563.0]",InvoiceNumber,0
"$4,544.39","[2415.0, 2542.0, 2635.0, 2588.0]",TotalAmount,0
January,"[709.0, 797.0, 887.0, 838.0]",IssuedDate,0
