text,bbox,label,group_label
Creative,"[525.0, 1655.0, 751.0, 1705.0]",ItemDescription,1
"Development,","[781.0, 1659.0, 1158.0, 1719.0]",ItemDescription,1
Account,"[1184.0, 1662.0, 1412.0, 1705.0]",ItemDescription,1
Management,"[525.0, 1729.0, 891.0, 1787.0]",ItemDescription,1
Comps.,"[921.0, 1729.0, 1121.0, 1788.0]",ItemDescription,1
"9,750.00","[2118.0, 1730.0, 2318.0, 1779.0]",ItemTotal,1
16555,"[2080.0, 836.0, 2224.0, 880.0]",InvoiceNumber,0
August,"[2077.0, 1043.0, 2273.0, 1097.0]",IssuedDate,0
