text,bbox,label,group_label
12,"[409.0, 2218.0, 462.0, 2256.0]",ItemDescription,1
poster,"[492.0, 2224.0, 667.0, 2267.0]",ItemDescription,1
panels,"[696.0, 2219.0, 870.0, 2268.0]",ItemDescription,1
$5736.00,"[2073.0, 2218.0, 2305.0, 2264.0]",ItemTotal,1
U1,"[1582.0, 1596.0, 1615.0, 1613.0]",ItemUnitCount,1
attached,"[811.0, 2807.0, 1045.0, 2844.0]",ItemDescription,2
-956.19,"[2104.0, 2277.0, 2305.0, 2316.0]",ItemTotal,2
$4779.81,"[2365.0, 2393.0, 2596.0, 2439.0]",TotalAmount,0
September,"[407.0, 1336.0, 674.0, 1382.0]",IssuedDate,0
