text,bbox,label,group_label
DataPulse,"[725.0, 2010.0, 949.0, 2050.0]",ItemDescription,1
Smoker,"[966.0, 2011.0, 1132.0, 2051.0]",ItemDescription,1
Resource/May,"[1153.0, 2013.0, 1466.0, 2060.0]",ItemDescription,1
’93,"[1483.0, 2016.0, 1548.0, 2055.0]",ItemDescription,1
"$40,963.47","[2413.0, 2020.0, 2657.0, 2061.0]",ItemTotal,1
Magnetic,"[721.0, 2081.0, 930.0, 2131.0]",ItemDescription,2
tape,"[950.0, 2086.0, 1042.0, 2130.0]",ItemDescription,2
charge,"[1063.0, 2085.0, 1216.0, 2134.0]",ItemDescription,2
29.41,"[2535.0, 2093.0, 2652.0, 2135.0]",ItemTotal,2
Freight,"[721.0, 2153.0, 877.0, 2201.0]",ItemDescription,3
charge,"[893.0, 2154.0, 1046.0, 2204.0]",ItemDescription,3
35.10,"[2536.0, 2165.0, 2656.0, 2206.0]",ItemTotal,3
#05-0214,"[938.0, 1499.0, 1192.0, 1546.0]",InvoiceNumber,0
"$49,027.98","[2413.0, 2309.0, 2658.0, 2357.0]",TotalAmount,0
May,"[732.0, 776.0, 823.0, 824.0]",IssuedDate,0
