text,bbox,label,group_label
during,"[474.0, 1463.0, 685.0, 1516.0]",ItemDescription,1
the,"[727.0, 1466.0, 826.0, 1504.0]",ItemDescription,1
first,"[869.0, 1464.0, 1040.0, 1506.0]",ItemDescription,1
quarter,"[1077.0, 1470.0, 1323.0, 1516.0]",ItemDescription,1
of,"[1361.0, 1468.0, 1427.0, 1509.0]",ItemDescription,1
re,"[1648.0, 1481.0, 1711.0, 1507.0]",ItemDescription,2
Lee,"[1752.0, 1473.0, 1848.0, 1510.0]",ItemDescription,2
"2,900","[2533.0, 1473.0, 2702.0, 1519.0]",TotalAmount,0
1986,"[2067.0, 789.0, 2200.0, 830.0]",IssuedDate,0
