text,bbox,label,group_label
Statement,"[538.0, 1291.0, 862.0, 1338.0]",ItemDescription,1
for,"[904.0, 1304.0, 1004.0, 1338.0]",ItemDescription,1
the,"[1051.0, 1301.0, 1151.0, 1338.0]",ItemDescription,1
month,"[1192.0, 1301.0, 1368.0, 1338.0]",ItemDescription,1
of,"[1405.0, 1301.0, 1475.0, 1339.0]",ItemDescription,1
"March,","[1518.0, 1292.0, 1722.0, 1352.0]",ItemDescription,1
"1964,","[1776.0, 1291.0, 1942.0, 1351.0]",ItemDescription,1
RENDERED,"[541.0, 1367.0, 829.0, 1405.0]",ItemDescription,1
UNDER,"[866.0, 1367.0, 1041.0, 1405.0]",ItemDescription,1
CONTRACTUAL,"[1083.0, 1367.0, 1475.0, 1408.0]",ItemDescription,1
AGREEMENT,"[1518.0, 1367.0, 1838.0, 1408.0]",ItemDescription,1
DATED,"[1880.0, 1367.0, 2059.0, 1408.0]",ItemDescription,1
March,"[541.0, 1428.0, 716.0, 1471.0]",ItemDescription,1
"1,","[765.0, 1425.0, 816.0, 1484.0]",ItemDescription,1
"1964,","[876.0, 1424.0, 1033.0, 1484.0]",ItemDescription,1
AS,"[1084.0, 1437.0, 1154.0, 1476.0]",ItemDescription,1
provided,"[1193.0, 1434.0, 1479.0, 1475.0]",ItemDescription,1
FOR,"[1518.0, 1434.0, 1621.0, 1475.0]",ItemDescription,1
BY,"[1664.0, 1434.0, 1729.0, 1471.0]",ItemDescription,1
PARAGRAPH,"[1772.0, 1434.0, 2093.0, 1475.0]",ItemDescription,1
4-H,"[540.0, 1491.0, 642.0, 1539.0]",ItemDescription,1
or,"[683.0, 1505.0, 750.0, 1541.0]",ItemDescription,1
SAID,"[796.0, 1501.0, 933.0, 1541.0]",ItemDescription,1
CONTRACT,"[976.0, 1504.0, 1258.0, 1539.0]",ItemDescription,1
$1964.17,"[2643.0, 1487.0, 2934.0, 1545.0]",ItemTotal,1
1754,"[404.0, 563.0, 533.0, 613.0]",InvoiceNumber,0
March,"[2022.0, 570.0, 2201.0, 617.0]",IssuedDate,0
