text,bbox,label,group_label
Statement,"[232.0, 1584.0, 519.0, 1626.0]",ItemDescription,1
for,"[545.0, 1584.0, 632.0, 1627.0]",ItemDescription,1
the,"[661.0, 1585.0, 741.0, 1627.0]",ItemDescription,1
month,"[771.0, 1585.0, 945.0, 1627.0]",ItemDescription,1
of,"[975.0, 1585.0, 1029.0, 1627.0]",ItemDescription,1
"June,","[1051.0, 1586.0, 1203.0, 1631.0]",ItemDescription,1
1966:,"[1247.0, 1585.0, 1391.0, 1631.0]",ItemDescription,1
One-twelfth,"[1451.0, 1586.0, 1792.0, 1629.0]",ItemDescription,1
of,"[1822.0, 1587.0, 1875.0, 1629.0]",ItemDescription,1
Research,"[1901.0, 1587.0, 2179.0, 1632.0]",ItemDescription,1
Fund,"[2209.0, 1588.0, 2347.0, 1633.0]",ItemDescription,1
as,"[2376.0, 1601.0, 2438.0, 1633.0]",ItemDescription,1
per,"[230.0, 1663.0, 324.0, 1702.0]",ItemDescription,1
Research,"[358.0, 1652.0, 629.0, 1693.0]",ItemDescription,1
"Agreement,","[662.0, 1656.0, 1000.0, 1706.0]",ItemDescription,1
Project,"[1045.0, 1657.0, 1263.0, 1707.0]",ItemDescription,1
"84,","[1291.0, 1654.0, 1375.0, 1699.0]",ItemDescription,1
dated,"[1412.0, 1657.0, 1566.0, 1696.0]",ItemDescription,1
March,"[1596.0, 1658.0, 1783.0, 1697.0]",ItemDescription,1
"1,","[1812.0, 1658.0, 1858.0, 1703.0]",ItemDescription,1
1966,"[1904.0, 1654.0, 2029.0, 1703.0]",ItemDescription,1
075.00,"[2626.0, 1659.0, 2822.0, 1700.0]",ItemTotal,1
May,"[1989.0, 736.0, 2109.0, 786.0]",IssuedDate,0
