text,bbox,label,group_label
Submission,"[537.0, 1096.0, 787.0, 1137.0]",ItemDescription,1
Professional,"[675.0, 1342.0, 1037.0, 1380.0]",ItemDescription,1
services,"[1071.0, 1343.0, 1309.0, 1380.0]",ItemDescription,1
"rendered,","[1346.0, 1341.0, 1600.0, 1382.0]",ItemDescription,1
during,"[1626.0, 1342.0, 1806.0, 1392.0]",ItemDescription,1
the,"[1836.0, 1342.0, 1917.0, 1380.0]",ItemDescription,1
period,"[1943.0, 1342.0, 2125.0, 1389.0]",ItemDescription,1
A,"[675.0, 1409.0, 708.0, 1445.0]",ItemDescription,1
aguet,"[721.0, 1413.0, 866.0, 1459.0]",ItemDescription,1
November,"[946.0, 1408.0, 1236.0, 1446.0]",ItemDescription,1
Ln,"[1267.0, 1408.0, 1317.0, 1446.0]",ItemDescription,1
connection,"[1343.0, 1388.0, 1643.0, 1460.0]",ItemDescription,1
with,"[1671.0, 1409.0, 1785.0, 1446.0]",ItemDescription,1
analysis,"[1814.0, 1409.0, 2047.0, 1458.0]",ItemDescription,1
of,"[2076.0, 1409.0, 2129.0, 1446.0]",ItemDescription,1
cigarette,"[675.0, 1475.0, 930.0, 1521.0]",ItemDescription,1
smoke,"[962.0, 1475.0, 1137.0, 1509.0]",ItemDescription,1
for,"[1167.0, 1474.0, 1246.0, 1509.0]",ItemDescription,1
participate,"[1275.0, 1461.0, 1588.0, 1521.0]",ItemDescription,1
"matter,","[1610.0, 1480.0, 1826.0, 1517.0]",ItemDescription,1
water,"[1868.0, 1479.0, 2026.0, 1513.0]",ItemDescription,1
content,"[2055.0, 1480.0, 2260.0, 1513.0]",ItemDescription,1
and,"[675.0, 1538.0, 766.0, 1574.0]",ItemDescription,1
nicotine.,"[792.0, 1538.0, 1037.0, 1576.0]",ItemDescription,1
Our,"[1101.0, 1538.0, 1204.0, 1576.0]",ItemDescription,1
report!,"[1237.0, 1530.0, 1454.0, 1585.0]",ItemDescription,1
September,"[1471.0, 1538.0, 1774.0, 1585.0]",ItemDescription,1
1966,"[1809.0, 1533.0, 1926.0, 1580.0]",ItemDescription,1
On,"[1955.0, 1546.0, 2020.0, 1576.0]",ItemDescription,1
Carlton,"[2043.0, 1538.0, 2259.0, 1577.0]",ItemDescription,1
and,"[675.0, 1604.0, 766.0, 1642.0]",ItemDescription,1
reports,"[800.0, 1610.0, 1004.0, 1651.0]",ItemDescription,1
October,"[1037.0, 1604.0, 1258.0, 1642.0]",ItemDescription,1
1966,"[1293.0, 1600.0, 1412.0, 1645.0]",ItemDescription,1
Lucky,"[1529.0, 1604.0, 1697.0, 1655.0]",ItemDescription,1
Strike,"[1726.0, 1601.0, 1892.0, 1642.0]",ItemDescription,1
and,"[1922.0, 1605.0, 2018.0, 1642.0]",ItemDescription,1
Fall,"[2043.0, 1604.0, 2155.0, 1642.0]",ItemDescription,1
"Mali,","[2188.0, 1604.0, 2331.0, 1646.0]",ItemDescription,1
721.,"[2641.0, 1604.0, 2739.0, 1645.0]",ItemTotal,1
Direct,"[1768.0, 1738.0, 1954.0, 1776.0]",ItemDescription,2
*50.,"[2641.0, 1742.0, 2739.0, 1784.0]",ItemTotal,2
December,"[2030.0, 757.0, 2322.0, 795.0]",IssuedDate,0
