text,bbox,label,group_label
INDUCTION,"[562.0, 2086.0, 837.0, 2136.0]",ItemDescription,1
OF,"[871.0, 2089.0, 932.0, 2136.0]",ItemDescription,1
HEPATIC,"[967.0, 2088.0, 1184.0, 2136.0]",ItemDescription,1
MICRO¬,"[1220.0, 2088.0, 1400.0, 2137.0]",ItemDescription,1
SOMAL,"[554.0, 2150.0, 708.0, 2199.0]",ItemDescription,1
ENZYMES,"[746.0, 2152.0, 963.0, 2199.0]",ItemDescription,1
WITH,"[996.0, 2152.0, 1117.0, 2201.0]",ItemDescription,1
"B-127,","[1154.0, 2150.0, 1338.0, 2208.0]",ItemDescription,1
B-12B,"[554.0, 2216.0, 713.0, 2263.0]",ItemDescription,1
and,"[747.0, 2216.0, 838.0, 2265.0]",ItemDescription,1
B-129,"[872.0, 2217.0, 1025.0, 2265.0]",ItemDescription,1
"$10,000.00","[2325.0, 2085.0, 2638.0, 2146.0]",ItemTotal,1
December,"[556.0, 831.0, 805.0, 878.0]",IssuedDate,0
