text,bbox,label,group_label
14-Day,"[499.0, 2012.0, 683.0, 2070.0]",ItemDescription,1
Subacute,"[720.0, 2011.0, 966.0, 2060.0]",ItemDescription,1
Toxicity,"[999.0, 2014.0, 1256.0, 2071.0]",ItemDescription,1
Study,"[1290.0, 2012.0, 1444.0, 2069.0]",ItemDescription,1
in,"[1486.0, 2012.0, 1540.0, 2058.0]",ItemDescription,1
Rats,"[1578.0, 2012.0, 1698.0, 2060.0]",ItemDescription,1
with,"[1732.0, 2010.0, 1857.0, 2060.0]",ItemDescription,1
"A-2,","[1890.0, 2009.0, 2014.0, 2066.0]",ItemDescription,1
"A-7,","[2053.0, 2011.0, 2172.0, 2066.0]",ItemDescription,1
"A-8,","[496.0, 2076.0, 616.0, 2133.0]",ItemDescription,1
"A-9,","[654.0, 2075.0, 772.0, 2133.0]",ItemDescription,1
"A-ll,","[809.0, 2076.0, 963.0, 2132.0]",ItemDescription,1
and,"[1004.0, 2076.0, 1095.0, 2124.0]",ItemDescription,1
A-14,"[1129.0, 2075.0, 1253.0, 2125.0]",ItemDescription,1
"@$2,050.00/cpd.","[1290.0, 2071.0, 1754.0, 2135.0]",ItemDescription,1
"12,300.00","[2438.0, 2009.0, 2721.0, 2063.0]",ItemTotal,1
April,"[489.0, 858.0, 638.0, 917.0]",IssuedDate,0
