text,bbox,label,group_label
Repeated,"[523.0, 1802.0, 769.0, 1857.0]",ItemDescription,1
Dose,"[807.0, 1802.0, 927.0, 1849.0]",ItemDescription,1
Rangefinding,"[965.0, 1800.0, 1336.0, 1862.0]",ItemDescription,1
Study,"[1373.0, 1802.0, 1523.0, 1858.0]",ItemDescription,1
in,"[524.0, 1865.0, 578.0, 1912.0]",ItemDescription,1
B6C3F1,"[616.0, 1865.0, 799.0, 1913.0]",ItemDescription,1
Mice,"[837.0, 1864.0, 961.0, 1912.0]",ItemDescription,1
with,"[994.0, 1864.0, 1115.0, 1913.0]",ItemDescription,1
A-45,"[1149.0, 1864.0, 1274.0, 1913.0]",ItemDescription,1
"$1,050.00","[2354.0, 1796.0, 2632.0, 1858.0]",ItemTotal,1
June,"[520.0, 941.0, 641.0, 994.0]",IssuedDate,0
