text,bbox,label,group_label
Smoke,"[493.0, 1912.0, 647.0, 1959.0]",ItemDescription,1
Condensate,"[681.0, 1912.0, 994.0, 1959.0]",ItemDescription,1
Collection,"[1030.0, 1912.0, 1339.0, 1960.0]",ItemDescription,1
with,"[1373.0, 1913.0, 1497.0, 1959.0]",ItemDescription,1
D»7,"[1534.0, 1916.0, 1622.0, 1961.0]",ItemDescription,1
and,"[1659.0, 1915.0, 1751.0, 1960.0]",ItemDescription,1
D-14,"[1789.0, 1915.0, 1908.0, 1959.0]",ItemDescription,1
"10,170.00","[2485.0, 1916.0, 2764.0, 1969.0]",ItemTotal,1
"2,500/10,000","[622.0, 1974.0, 993.0, 2028.0]",ItemDescription,2
Cigarettes,"[1030.0, 1975.0, 1339.0, 2032.0]",ItemDescription,2
Smoked,"[1377.0, 1975.0, 1560.0, 2022.0]",ItemDescription,2
Cigarettes,"[807.0, 2164.0, 1116.0, 2222.0]",ItemDescription,2
Smoked,"[1157.0, 2165.0, 1341.0, 2211.0]",ItemDescription,2
2/1/84,"[1379.0, 2164.0, 1561.0, 2223.0]",ItemDescription,2
2/29/84,"[1661.0, 2164.0, 1875.0, 2223.0]",ItemDescription,2
"20,640","[1693.0, 2293.0, 1879.0, 2344.0]",ItemTotal,2
March,"[495.0, 821.0, 645.0, 870.0]",IssuedDate,0
