text,bbox,label,group_label
MOUSE,"[523.0, 2033.0, 677.0, 2084.0]",ItemDescription,1
SKIN,"[714.0, 2035.0, 835.0, 2085.0]",ItemDescription,1
PAINTING,"[873.0, 2034.0, 1118.0, 2084.0]",ItemDescription,1
STUDY,"[1152.0, 2035.0, 1304.0, 2085.0]",ItemDescription,1
WITH,"[1340.0, 2034.0, 1461.0, 2084.0]",ItemDescription,1
D-l,"[1502.0, 2036.0, 1580.0, 2085.0]",ItemDescription,1
and,"[615.0, 2099.0, 710.0, 2149.0]",ItemDescription,1
0-10,"[745.0, 2098.0, 867.0, 2148.0]",ItemDescription,1
"15,000.00","[2194.0, 2100.0, 2469.0, 2158.0]",ItemTotal,1
1500-6,"[903.0, 1711.0, 1086.0, 1760.0]",InvoiceNumber,0
"84,000.00","[2066.0, 2487.0, 2344.0, 2543.0]",TotalAmount,0
September,"[523.0, 816.0, 803.0, 874.0]",IssuedDate,0
