text,bbox,label,group_label
For,"[525.0, 2148.0, 616.0, 2194.0]",ItemDescription,1
submission,"[650.0, 2146.0, 962.0, 2196.0]",ItemDescription,1
of,"[992.0, 2147.0, 1058.0, 2193.0]",ItemDescription,1
Final,"[1092.0, 2146.0, 1234.0, 2195.0]",ItemDescription,1
Report,"[525.0, 2211.0, 709.0, 2269.0]",ItemDescription,1
Cardiovascular,"[746.0, 2209.0, 1180.0, 2260.0]",ItemDescription,1
Testing,"[521.0, 2273.0, 738.0, 2334.0]",ItemDescription,1
of,"[772.0, 2274.0, 834.0, 2322.0]",ItemDescription,1
Compounds,"[871.0, 2275.0, 1146.0, 2333.0]",ItemDescription,1
"B-77,","[1184.0, 2274.0, 1333.0, 2329.0]",ItemDescription,1
"B'123,","[521.0, 2336.0, 705.0, 2392.0]",ItemDescription,1
"B-125,","[742.0, 2335.0, 925.0, 2392.0]",ItemDescription,1
and,"[963.0, 2338.0, 1055.0, 2384.0]",ItemDescription,1
B-126,"[1088.0, 2337.0, 1242.0, 2385.0]",ItemDescription,1
in,"[1280.0, 2337.0, 1337.0, 2384.0]",ItemDescription,1
the,"[522.0, 2402.0, 613.0, 2448.0]",ItemDescription,1
Beagle,"[647.0, 2400.0, 834.0, 2460.0]",ItemDescription,1
Dog,"[871.0, 2401.0, 959.0, 2459.0]",ItemDescription,1
8,"[993.0, 2401.0, 1021.0, 2449.0]",ItemDescription,1
"$3,700","[1060.0, 2396.0, 1243.0, 2455.0]",ItemDescription,1
"$14,800.00","[2255.0, 2146.0, 2563.0, 2206.0]",ItemTotal,1
compound,"[647.0, 2464.0, 896.0, 2522.0]",ItemDescription,2
October,"[521.0, 1105.0, 744.0, 1155.0]",IssuedDate,0
