text,bbox,label,group_label
Induction,"[485.0, 2049.0, 760.0, 2096.0]",ItemDescription,1
of,"[799.0, 2048.0, 860.0, 2095.0]",ItemDescription,1
Hepatic,"[894.0, 2048.0, 1111.0, 2105.0]",ItemDescription,1
Microsomal,"[1144.0, 2047.0, 1448.0, 2095.0]",ItemDescription,1
Enzymes,"[1494.0, 2050.0, 1707.0, 2104.0]",ItemDescription,1
(assay,"[582.0, 2106.0, 760.0, 2169.0]",ItemDescription,1
only),"[799.0, 2110.0, 948.0, 2168.0]",ItemDescription,1
with,"[987.0, 2112.0, 1107.0, 2158.0]",ItemDescription,1
A-32,"[1142.0, 2112.0, 1270.0, 2157.0]",ItemDescription,1
and,"[1303.0, 2114.0, 1394.0, 2156.0]",ItemDescription,1
B-164,"[1428.0, 2111.0, 1581.0, 2159.0]",ItemDescription,1
"1,700.00/compound","[545.0, 2171.0, 1078.0, 2230.0]",ItemDescription,1
"3,400.00","[2158.0, 2175.0, 2408.0, 2229.0]",ItemTotal,1
1535-2,"[863.0, 1662.0, 1049.0, 1712.0]",InvoiceNumber,0
November,"[485.0, 815.0, 734.0, 861.0]",IssuedDate,0
