text,bbox,label,group_label
Teratogenic,"[512.0, 2379.0, 857.0, 2437.0]",ItemDescription,1
and,"[894.0, 2382.0, 985.0, 2429.0]",ItemDescription,1
Peri,"[1019.0, 2382.0, 1135.0, 2428.0]",ItemDescription,1
natal/Postnatal,"[1148.0, 2382.0, 1607.0, 2433.0]",ItemDescription,1
Study,"[1653.0, 2382.0, 1806.0, 2439.0]",ItemDescription,1
in,"[515.0, 2441.0, 573.0, 2487.0]",ItemDescription,1
the,"[610.0, 2441.0, 697.0, 2487.0]",ItemDescription,1
Rat,"[736.0, 2442.0, 828.0, 2487.0]",ItemDescription,1
with,"[861.0, 2441.0, 982.0, 2487.0]",ItemDescription,1
"D-8,","[1023.0, 2441.0, 1136.0, 2494.0]",ItemDescription,1
and,"[1178.0, 2441.0, 1269.0, 2489.0]",ItemDescription,1
D-9,"[1307.0, 2443.0, 1393.0, 2489.0]",ItemDescription,1
"$6,625.00","[2508.0, 2442.0, 2786.0, 2500.0]",ItemTotal,1
1st,"[516.0, 2600.0, 603.0, 2645.0]",ItemDescription,2
Installment,"[644.0, 2600.0, 985.0, 2645.0]",ItemDescription,2
of,"[1019.0, 2600.0, 1078.0, 2645.0]",ItemDescription,2
four,"[1115.0, 2600.0, 1236.0, 2646.0]",ItemDescription,2
AWARD,"[1237.0, 2854.0, 1394.0, 2903.0]",ItemDescription,2
"6,625.00)","[1554.0, 2945.0, 1832.0, 3007.0]",ItemTotal,2
246638,"[651.0, 679.0, 787.0, 715.0]",InvoiceNumber,0
June,"[513.0, 799.0, 634.0, 848.0]",IssuedDate,0
