text,bbox,label,group_label
Advertising,"[1160.0, 1799.0, 1500.0, 1848.0]",ItemDescription,1
As,"[1161.0, 1867.0, 1216.0, 1903.0]",ItemDescription,1
Directed,"[1255.0, 1864.0, 1501.0, 1903.0]",ItemDescription,1
Signs,"[1538.0, 1800.0, 1688.0, 1849.0]",ItemDescription,1
$100.00,"[1981.0, 1859.0, 2192.0, 1905.0]",ItemTotal,1
Rework,"[1067.0, 1991.0, 1250.0, 2031.0]",ItemDescription,2
Repack,"[1350.0, 1989.0, 1533.0, 2041.0]",ItemDescription,2
Supplies,"[1164.0, 2056.0, 1405.0, 2106.0]",ItemDescription,2
5.13,"[2076.0, 2053.0, 2194.0, 2093.0]",ItemTotal,2
$105-13,"[1982.0, 2178.0, 2194.0, 2222.0]",TotalAmount,0
September,"[1694.0, 647.0, 1968.0, 696.0]",IssuedDate,0
