text,bbox,label,group_label
Addressing,"[238.0, 1503.0, 622.0, 1564.0]",ItemDescription,1
your,"[663.0, 1519.0, 817.0, 1561.0]",ItemDescription,1
Research,"[242.0, 1572.0, 541.0, 1615.0]",ItemDescription,2
envelope,"[588.0, 1573.0, 889.0, 1628.0]",ItemDescription,2
to,"[938.0, 1578.0, 1009.0, 1617.0]",ItemDescription,2
"A,","[1049.0, 1579.0, 1117.0, 1629.0]",ItemDescription,2
"CD,","[1171.0, 1579.0, 1275.0, 1626.0]",ItemDescription,2
Total,"[234.0, 1635.0, 425.0, 1681.0]",ItemDescription,2
Office,"[471.0, 1635.0, 695.0, 1681.0]",ItemDescription,2
Based,"[742.0, 1637.0, 934.0, 1682.0]",ItemDescription,2
Prim,"[975.0, 1638.0, 1129.0, 1683.0]",ItemDescription,2
ry,"[1167.0, 1650.0, 1242.0, 1693.0]",ItemDescription,2
U.,"[238.0, 1702.0, 299.0, 1742.0]",ItemDescription,2
S.,"[353.0, 1700.0, 416.0, 1743.0]",ItemDescription,2
"PUD,","[470.0, 1703.0, 615.0, 1753.0]",ItemDescription,2
"R,","[666.0, 1703.0, 733.0, 1753.0]",ItemDescription,2
total,"[779.0, 1699.0, 970.0, 1745.0]",ItemDescription,2
office,"[1016.0, 1700.0, 1241.0, 1746.0]",ItemDescription,2
and,"[241.0, 1764.0, 352.0, 1808.0]",ItemDescription,2
"secondary,","[392.0, 1765.0, 768.0, 1821.0]",ItemDescription,2
in,"[820.0, 1766.0, 891.0, 1810.0]",ItemDescription,2
U.S.,"[938.0, 1767.0, 1079.0, 1812.0]",ItemDescription,2
"TS,","[1129.0, 1767.0, 1237.0, 1821.0]",ItemDescription,2
care,"[241.0, 1839.0, 386.0, 1872.0]",ItemDescription,2
in,"[433.0, 1827.0, 503.0, 1872.0]",ItemDescription,2
U.S.,"[549.0, 1832.0, 688.0, 1873.0]",ItemDescription,2
"GE,","[1321.0, 1579.0, 1425.0, 1626.0]",ItemDescription,3
Tobacco,"[1321.0, 1510.0, 1587.0, 1555.0]",ItemDescription,3
"PH,","[1472.0, 1580.0, 1580.0, 1629.0]",ItemDescription,3
"PATH,","[1625.0, 1578.0, 1809.0, 1631.0]",ItemDescription,3
"specialty,","[1288.0, 1639.0, 1655.0, 1696.0]",ItemDescription,3
in,"[1709.0, 1640.0, 1777.0, 1686.0]",ItemDescription,3
"based,","[1284.0, 1705.0, 1500.0, 1756.0]",ItemDescription,3
primary,"[1550.0, 1702.0, 1817.0, 1761.0]",ItemDescription,3
total,"[1287.0, 1768.0, 1470.0, 1814.0]",ItemDescription,3
patient,"[1510.0, 1768.0, 1779.0, 1826.0]",ItemDescription,3
361.37,"[2713.0, 1843.0, 2933.0, 1886.0]",ItemTotal,3
19910,"[1942.0, 1836.0, 2120.0, 1883.0]",ItemUnitCount,3
Addressing,"[237.0, 1957.0, 623.0, 2017.0]",ItemDescription,4
above,"[666.0, 1962.0, 848.0, 2007.0]",ItemDescription,4
envelopes,"[896.0, 1963.0, 1240.0, 2021.0]",ItemDescription,4
to,"[1287.0, 1967.0, 1354.0, 2009.0]",ItemDescription,4
Medical,"[1399.0, 1964.0, 1665.0, 2010.0]",ItemDescription,4
School,"[237.0, 2027.0, 468.0, 2070.0]",ItemDescription,4
libraries,"[515.0, 2023.0, 848.0, 2070.0]",ItemDescription,4
35.00,"[2750.0, 2036.0, 2929.0, 2081.0]",ItemTotal,4
328,"[2020.0, 2033.0, 2124.0, 2078.0]",ItemUnitCount,4
Di,"[240.0, 2223.0, 307.0, 2267.0]",ItemDescription,5
re,"[319.0, 2235.0, 385.0, 2268.0]",ItemDescription,5
Enclosing,"[236.0, 2157.0, 585.0, 2215.0]",ItemDescription,5
cbor,"[398.0, 2228.0, 544.0, 2268.0]",ItemDescription,5
book,"[623.0, 2161.0, 776.0, 2203.0]",ItemDescription,5
"""Report","[828.0, 2158.0, 1086.0, 2216.0]",ItemDescription,5
of,"[1132.0, 2163.0, 1207.0, 2205.0]",ItemDescription,5
the,"[1248.0, 2163.0, 1353.0, 2206.0]",ItemDescription,5
Scientific,"[1398.0, 2160.0, 1778.0, 2207.0]",ItemDescription,5
364.28,"[2712.0, 2233.0, 2932.0, 2276.0]",ItemTotal,5
Sort,"[239.0, 2356.0, 388.0, 2398.0]",ItemDescription,6
and,"[435.0, 2353.0, 546.0, 2398.0]",ItemDescription,6
mail,"[586.0, 2353.0, 739.0, 2399.0]",ItemDescription,6
156.84,"[2711.0, 2364.0, 2928.0, 2408.0]",ItemTotal,6
AMA,"[239.0, 2552.0, 356.0, 2594.0]",ItemDescription,7
fee,"[396.0, 2552.0, 504.0, 2598.0]",ItemDescription,7
"119.46,","[2709.0, 2557.0, 2957.0, 2607.0]",ItemTotal,7
Postage,"[238.0, 2682.0, 505.0, 2735.0]",ItemDescription,8
advanced,"[550.0, 2682.0, 859.0, 2726.0]",ItemDescription,8
951.36,"[2710.0, 2686.0, 2930.0, 2731.0]",ItemTotal,8
Bulk,"[238.0, 2814.0, 390.0, 2859.0]",ItemDescription,9
fee,"[438.0, 2815.0, 541.0, 2858.0]",ItemDescription,9
30.00,"[2751.0, 2816.0, 2930.0, 2861.0]",ItemTotal,9
Truckin,"[237.0, 2875.0, 504.0, 2923.0]",ItemDescription,10
g,"[517.0, 2891.0, 548.0, 2935.0]",ItemDescription,10
35.50,"[2751.0, 2882.0, 2934.0, 2926.0]",ItemTotal,10
2379,"[2632.0, 726.0, 2775.0, 775.0]",InvoiceNumber,0
30,"[2662.0, 889.0, 2704.0, 917.0]",TotalAmount,0
"May21,","[2629.0, 1135.0, 2886.0, 1185.0]",IssuedDate,0
