text,bbox,label,group_label
RESEARCH,"[452.0, 2035.0, 747.0, 2081.0]",ItemDescription,1
FULL-TIME,"[785.0, 2035.0, 1117.0, 2081.0]",ItemDescription,1
H0SP7,"[1159.0, 2027.0, 1341.0, 2081.0]",ItemDescription,1
TS,"[266.0, 2287.0, 333.0, 2331.0]",ItemDescription,2
TOTAL,"[450.0, 2286.0, 636.0, 2332.0]",ItemDescription,2
PHYSICIANS,"[675.0, 2288.0, 1041.0, 2333.0]",ItemDescription,2
"1,116.85","[2785.0, 2290.0, 3072.0, 2345.0]",ItemTotal,2
"19,256","[1973.0, 2288.0, 2185.0, 2342.0]",ItemUnitCount,2
SELECT,"[192.0, 2412.0, 408.0, 2455.0]",ItemDescription,3
And,"[451.0, 2412.0, 558.0, 2454.0]",ItemDescription,3
ADDRESS,"[600.0, 2410.0, 854.0, 2455.0]",ItemDescription,3
YOUR,"[896.0, 2409.0, 1046.0, 2454.0]",ItemDescription,3
SPECIAL,"[1087.0, 2411.0, 1337.0, 2453.0]",ItemDescription,3
LIST....,"[1377.0, 2410.0, 1657.0, 2454.0]",ItemDescription,3
304,"[2086.0, 2409.0, 2185.0, 2455.0]",ItemUnitCount,3
ADDITIONAL,"[189.0, 2536.0, 563.0, 2580.0]",ItemDescription,4
CHARGE,"[605.0, 2535.0, 818.0, 2581.0]",ItemDescription,4
FOR,"[859.0, 2534.0, 972.0, 2579.0]",ItemDescription,4
OVERSIZED,"[1009.0, 2536.0, 1337.0, 2581.0]",ItemDescription,4
MAILERS,"[1376.0, 2536.0, 1629.0, 2580.0]",ItemDescription,4
81.17,"[2895.0, 2533.0, 3072.0, 2582.0]",ItemTotal,4
"19,560","[1974.0, 2534.0, 2186.0, 2589.0]",ItemUnitCount,4
4.15,"[2382.0, 2535.0, 2519.0, 2582.0]",ItemUnitValue,4
THE,"[1011.0, 2723.0, 1118.0, 2767.0]",ItemDescription,5
COUNCIL,"[1159.0, 2722.0, 1414.0, 2766.0]",ItemDescription,5
FOR,"[1455.0, 2722.0, 1564.0, 2767.0]",ItemDescription,5
TOBACCO,"[1600.0, 2721.0, 1855.0, 2766.0]",ItemDescription,5
INC.,"[903.0, 2788.0, 1036.0, 2830.0]",ItemDescription,6
1983,"[1090.0, 2782.0, 1227.0, 2832.0]",ItemDescription,6
"1,907.10","[2788.0, 2782.0, 3072.0, 2838.0]",ItemTotal,6
"19,560","[1973.0, 2784.0, 2185.0, 2839.0]",ItemUnitCount,6
SORT,"[196.0, 2911.0, 337.0, 2955.0]",ItemDescription,7
AND,"[379.0, 2911.0, 487.0, 2954.0]",ItemDescription,7
MAIL,"[525.0, 2911.0, 674.0, 2953.0]",ItemDescription,7
606.36,"[2863.0, 2907.0, 3072.0, 2955.0]",ItemTotal,7
"19,560","[1973.0, 2909.0, 2185.0, 2963.0]",ItemUnitCount,7
31.00,"[2344.0, 2907.0, 2518.0, 2957.0]",ItemUnitValue,7
POSTAL,"[193.0, 3160.0, 413.0, 3205.0]",ItemDescription,8
SERVICE,"[456.0, 3159.0, 710.0, 3204.0]",ItemDescription,8
FEE,"[752.0, 3160.0, 856.0, 3202.0]",ItemDescription,8
250.61,"[2862.0, 3156.0, 3077.0, 3203.0]",ItemTotal,8
AMA,"[190.0, 3284.0, 304.0, 3327.0]",ItemDescription,9
FEE,"[344.0, 3283.0, 449.0, 3326.0]",ItemDescription,9
259.96,"[2863.0, 3278.0, 3075.0, 3324.0]",ItemTotal,9
"19,256","[1976.0, 3277.0, 2188.0, 3334.0]",ItemUnitCount,9
POSTAGE,"[191.0, 3393.0, 449.0, 3439.0]",ItemDescription,10
ADVANCED,"[491.0, 3393.0, 782.0, 3436.0]",ItemDescription,10
"4,136.85","[2788.0, 3388.0, 3075.0, 3445.0]",ItemTotal,10
BULK,"[192.0, 3484.0, 341.0, 3527.0]",ItemDescription,11
FEE,"[379.0, 3483.0, 487.0, 3526.0]",ItemDescription,11
40.00,"[2898.0, 3482.0, 3075.0, 3528.0]",ItemTotal,11
FREIGHT,"[191.0, 3537.0, 449.0, 3581.0]",ItemDescription,12
AND,"[488.0, 3537.0, 600.0, 3579.0]",ItemDescription,12
HANDLING,"[641.0, 3539.0, 933.0, 3582.0]",ItemDescription,12
CHARGES,"[975.0, 3538.0, 1228.0, 3583.0]",ItemDescription,12
251.57,"[2864.0, 3536.0, 3073.0, 3584.0]",ItemTotal,12
"8,920.7£","[2786.0, 3716.0, 3082.0, 3793.0]",TotalAmount,0
