text,bbox,label,group_label
CONDUCT,"[674.0, 1793.0, 917.0, 1838.0]",ItemDescription,1
DEVELOPMENT,"[967.0, 1793.0, 1345.0, 1837.0]",ItemDescription,1
EFF¬,"[1396.0, 1793.0, 1522.0, 1835.0]",ItemDescription,1
ORTS,"[674.0, 1855.0, 807.0, 1897.0]",ItemDescription,1
NECESSARY,"[853.0, 1853.0, 1166.0, 1897.0]",ItemDescription,1
TO,"[1213.0, 1854.0, 1277.0, 1896.0]",ItemDescription,1
PRODUCE,"[1324.0, 1852.0, 1566.0, 1896.0]",ItemDescription,1
100,"[677.0, 1914.0, 773.0, 1956.0]",ItemDescription,1
PROTOTYPES,"[820.0, 1915.0, 1166.0, 1959.0]",ItemDescription,1
ELECTRONIC,"[1216.0, 1914.0, 1566.0, 1959.0]",ItemDescription,1
CONTROL,"[677.0, 1975.0, 919.0, 2019.0]",ItemDescription,1
PACKAGES,"[965.0, 1974.0, 1237.0, 2017.0]",ItemDescription,1
IN,"[1290.0, 1975.0, 1344.0, 2018.0]",ItemDescription,1
ACCORDANCE,"[673.0, 2038.0, 1023.0, 2082.0]",ItemDescription,1
WITH,"[1069.0, 2038.0, 1202.0, 2079.0]",ItemDescription,1
THE,"[1249.0, 2038.0, 1344.0, 2080.0]",ItemDescription,1
TERNS,"[1395.0, 2037.0, 1567.0, 2080.0]",ItemDescription,1
OF,"[675.0, 2101.0, 734.0, 2142.0]",ItemDescription,1
THE,"[781.0, 2098.0, 877.0, 2140.0]",ItemDescription,1
PHX,"[930.0, 2099.0, 1022.0, 2141.0]",ItemDescription,1
AGREEMENT,"[1072.0, 2097.0, 1386.0, 2141.0]",ItemDescription,1
DATED,"[676.0, 2160.0, 843.0, 2202.0]",ItemDescription,1
APRIL,"[893.0, 2161.0, 1059.0, 2201.0]",ItemDescription,1
"23,1990","[1105.0, 2159.0, 1349.0, 2209.0]",ItemDescription,1
",250.00/M0","[795.0, 2465.0, 1133.0, 2515.0]",ItemTotal,1
AP521,"[2057.0, 1285.0, 2224.0, 1328.0]",InvoiceNumber,0
"86,250.00","[2679.0, 1790.0, 3000.0, 1840.0]",TotalAmount,0
8-17-90,"[2641.0, 1279.0, 2891.0, 1324.0]",IssuedDate,0
