text,bbox,label,group_label
Funds,"[394.0, 2623.0, 556.0, 2664.0]",ItemDescription,1
pledged,"[598.0, 2623.0, 823.0, 2673.0]",ItemDescription,1
by,"[873.0, 2624.0, 928.0, 2671.0]",ItemDescription,1
Philip,"[973.0, 2622.0, 1170.0, 2671.0]",ItemDescription,1
Morris,"[1212.0, 2622.0, 1404.0, 2661.0]",ItemDescription,1
for,"[1445.0, 2619.0, 1536.0, 2660.0]",ItemDescription,1
the,"[1579.0, 2620.0, 1669.0, 2659.0]",ItemDescription,1
first,"[1708.0, 2618.0, 1865.0, 2658.0]",ItemDescription,1
five,"[1911.0, 2618.0, 2036.0, 2658.0]",ItemDescription,1
years,"[459.0, 2691.0, 622.0, 2729.0]",ItemDescription,1
of,"[656.0, 2679.0, 718.0, 2720.0]",ItemDescription,1
the,"[760.0, 2680.0, 852.0, 2719.0]",ItemDescription,1
Coronary/Cancer,"[892.0, 2675.0, 1390.0, 2729.0]",ItemDescription,1
Prevention,"[1428.0, 2676.0, 1751.0, 2717.0]",ItemDescription,1
Project,"[1789.0, 2679.0, 2014.0, 2726.0]",ItemDescription,1
"$4,760,000","[2248.0, 2673.0, 2586.0, 2724.0]",ItemTotal,1
Funds,"[394.0, 2853.0, 555.0, 2892.0]",ItemDescription,2
received,"[599.0, 2852.0, 857.0, 2891.0]",ItemDescription,2
by,"[907.0, 2850.0, 961.0, 2900.0]",ItemDescription,2
the,"[1011.0, 2852.0, 1103.0, 2890.0]",ItemDescription,2
Meyer,"[1145.0, 2850.0, 1303.0, 2898.0]",ItemDescription,2
Friedman,"[1345.0, 2849.0, 1600.0, 2888.0]",ItemDescription,2
Institute,"[1645.0, 2846.0, 1932.0, 2888.0]",ItemDescription,2
from,"[464.0, 2909.0, 589.0, 2949.0]",ItemDescription,2
Philip,"[627.0, 2908.0, 823.0, 2956.0]",ItemDescription,2
Morris,"[862.0, 2907.0, 1064.0, 2948.0]",ItemDescription,2
as,"[1106.0, 2920.0, 1164.0, 2946.0]",ItemDescription,2
of,"[1203.0, 2907.0, 1260.0, 2946.0]",ItemDescription,2
November,"[1299.0, 2907.0, 1557.0, 2946.0]",ItemDescription,2
"16,","[1599.0, 2905.0, 1677.0, 2951.0]",ItemDescription,2
1992,"[1727.0, 2904.0, 1848.0, 2945.0]",ItemDescription,2
"4,062,750","[2281.0, 2901.0, 2586.0, 2953.0]",ItemTotal,2
"697,250","[2349.0, 3073.0, 2583.0, 3120.0]",TotalAmount,0
November,"[732.0, 1525.0, 1002.0, 1566.0]",IssuedDate,0
