text,bbox,label,group_label
October,"[918.0, 1332.0, 1160.0, 1370.0]",ItemDescription,1
3rd.London.,"[1206.0, 1330.0, 1581.0, 1371.0]",ItemDescription,1
Railfare,"[1346.0, 1389.0, 1625.0, 1431.0]",ItemDescription,1
70.00,"[2427.0, 1387.0, 2596.0, 1426.0]",ItemTotal,1
Visit,"[449.0, 1573.0, 624.0, 1615.0]",ItemDescription,2
to,"[667.0, 1578.0, 733.0, 1615.0]",ItemDescription,2
Greece.October,"[774.0, 1574.0, 1270.0, 1615.0]",ItemDescription,2
Taxifare,"[1346.0, 1450.0, 1625.0, 1492.0]",ItemDescription,2
6-12th.,"[1313.0, 1571.0, 1546.0, 1613.0]",ItemDescription,2
78.00,"[2430.0, 1508.0, 2596.0, 1549.0]",ItemTotal,2
Railfare,"[1347.0, 1631.0, 1625.0, 1672.0]",ItemDescription,3
Taxifare,"[1346.0, 1692.0, 1628.0, 1734.0]",ItemDescription,3
Airfare,"[1346.0, 1755.0, 1591.0, 1794.0]",ItemDescription,3
Hotel,"[1349.0, 1814.0, 1519.0, 1855.0]",ItemDescription,3
Incidentals,"[1349.0, 1872.0, 1735.0, 1914.0]",ItemDescription,3
51.00,"[2430.0, 1628.0, 2600.0, 1670.0]",ItemTotal,3
Visit,"[452.0, 2056.0, 626.0, 2098.0]",ItemDescription,4
to,"[670.0, 2061.0, 736.0, 2097.0]",ItemDescription,4
"Southampton,TAC.","[777.0, 2058.0, 1333.0, 2105.0]",ItemDescription,4
Railfare,"[1352.0, 2114.0, 1631.0, 2155.0]",ItemDescription,4
24.00,"[2436.0, 2110.0, 2603.0, 2150.0]",ItemTotal,4
Visit,"[455.0, 2357.0, 630.0, 2399.0]",ItemDescription,5
to,"[673.0, 2364.0, 739.0, 2399.0]",ItemDescription,5
TAC,"[781.0, 2361.0, 882.0, 2399.0]",ItemDescription,5
November,"[922.0, 2358.0, 1202.0, 2396.0]",ItemDescription,5
Taxifare,"[1349.0, 2176.0, 1631.0, 2215.0]",ItemDescription,5
20th.London-,"[1248.0, 2356.0, 1660.0, 2396.0]",ItemDescription,5
14.75,"[2433.0, 2171.0, 2603.0, 2213.0]",ItemTotal,5
Railfare,"[1353.0, 2414.0, 1630.0, 2456.0]",ItemDescription,6
Taxifare,"[1353.0, 2476.0, 1634.0, 2514.0]",ItemDescription,6
72.00,"[2435.0, 2413.0, 2606.0, 2450.0]",ItemTotal,6
Incidentals,"[1356.0, 2536.0, 1738.0, 2577.0]",ItemDescription,7
77.70,"[2438.0, 2592.0, 2605.0, 2633.0]",ItemTotal,7
Visit,"[455.0, 2719.0, 629.0, 2760.0]",ItemDescription,8
to,"[675.0, 2724.0, 738.0, 2760.0]",ItemDescription,8
LGC.Teddington.28-29th,"[783.0, 2717.0, 1563.0, 2769.0]",ItemDescription,8
November.,"[1606.0, 2716.0, 1913.0, 2756.0]",ItemDescription,8
Hotel,"[1355.0, 2777.0, 1526.0, 2816.0]",ItemDescription,8
147.83,"[2401.0, 2771.0, 2605.0, 2812.0]",ItemTotal,8
Car,"[458.0, 2903.0, 558.0, 2939.0]",ItemDescription,9
milage,"[599.0, 2899.0, 812.0, 2949.0]",ItemDescription,9
464,"[858.0, 2900.0, 954.0, 2937.0]",ItemDescription,9
0.32,"[1071.0, 2896.0, 1204.0, 2937.0]",ItemDescription,9
per,"[1246.0, 2906.0, 1350.0, 2946.0]",ItemDescription,9
mile.,"[1388.0, 2896.0, 1555.0, 2935.0]",ItemDescription,9
148.48,"[2404.0, 2892.0, 2608.0, 2934.0]",ItemTotal,9
Travel,"[458.0, 2960.0, 666.0, 2999.0]",ItemDescription,10
Insurance,"[716.0, 2961.0, 1029.0, 2995.0]",ItemDescription,10
PM,"[1071.0, 2959.0, 1137.0, 2996.0]",ItemDescription,10
business.,"[1176.0, 2955.0, 1484.0, 2995.0]",ItemDescription,10
234.00,"[2404.0, 2950.0, 2608.0, 2991.0]",ItemTotal,10
"Telephone,","[458.0, 3019.0, 804.0, 3065.0]",ItemDescription,11
"Fax,Postage.(telephone","[857.0, 3015.0, 1636.0, 3066.0]",ItemDescription,11
from,"[1682.0, 3014.0, 1817.0, 3053.0]",ItemDescription,11
July,"[1861.0, 3015.0, 1994.0, 3061.0]",ItemDescription,11
11th),"[2041.0, 3012.0, 2204.0, 3054.0]",ItemDescription,11
270.79,"[2404.0, 3010.0, 2608.0, 3049.0]",ItemTotal,11
1990.,"[1868.0, 1086.0, 2030.0, 1127.0]",InvoiceNumber,0
1673-55,"[2368.0, 3188.0, 2610.0, 3229.0]",TotalAmount,0
December,"[447.0, 969.0, 730.0, 1010.0]",IssuedDate,0
