text,bbox,label,group_label
FILLMENT.,"[255.0, 1918.0, 560.0, 1970.0]",ItemDescription,1
VOLUME:,"[605.0, 1919.0, 853.0, 1969.0]",ItemDescription,1
1.247-,"[889.0, 1920.0, 1222.0, 1974.0]",ItemDescription,1
1462.00,"[2656.0, 1920.0, 2910.0, 1967.0]",ItemTotal,1
POSTAGE,"[254.0, 2115.0, 503.0, 2164.0]",ItemDescription,2
MATERIALS-,"[255.0, 1985.0, 1387.0, 2035.0]",ItemDescription,2
USED,"[529.0, 2116.0, 674.0, 2165.0]",ItemDescription,2
436.90,"[2688.0, 2117.0, 2909.0, 2166.0]",ItemTotal,2
25443,"[2226.0, 1005.0, 2425.0, 1051.0]",InvoiceNumber,0
1918.91,"[2707.0, 3829.0, 2948.0, 3879.0]",TotalAmount,0
/31794,"[2267.0, 1070.0, 2496.0, 1120.0]",IssuedDate,0
