text,bbox,label,group_label
Drug,"[605.0, 1588.0, 730.0, 1632.0]",ItemDescription,1
Metabolism,"[767.0, 1584.0, 1092.0, 1622.0]",ItemDescription,1
Disposition,"[1193.0, 1583.0, 1546.0, 1632.0]",ItemDescription,1
Title,"[608.0, 1639.0, 766.0, 1677.0]",ItemDescription,1
NICOTINE,"[867.0, 1640.0, 1124.0, 1678.0]",ItemDescription,1
IN,"[1163.0, 1642.0, 1221.0, 1676.0]",ItemDescription,1
HAIR,"[1259.0, 1640.0, 1384.0, 1675.0]",ItemDescription,1
100,"[350.0, 1753.0, 438.0, 1788.0]",ItemDescription,2
REPRINTS,"[609.0, 1750.0, 861.0, 1787.0]",ItemDescription,2
229.00,"[2557.0, 1747.0, 2744.0, 1784.0]",ItemTotal,2
SHIPPING,"[608.0, 1806.0, 863.0, 1843.0]",ItemDescription,3
ADVANCED,"[609.0, 1916.0, 864.0, 1951.0]",ItemDescription,3
PAYMENT,"[906.0, 1915.0, 1127.0, 1952.0]",ItemDescription,3
-229.00,"[2532.0, 1912.0, 2744.0, 1948.0]",ItemTotal,3
0174701,"[2457.0, 979.0, 2677.0, 1018.0]",InvoiceNumber,0
