text,bbox,label,group_label
PAYROLL,"[742.0, 1642.0, 937.0, 1684.0]",ItemDescription,1
BENEFITS,"[742.0, 1755.0, 966.0, 1796.0]",ItemDescription,1
"2,SOI.38","[2634.0, 1634.0, 2855.0, 1683.0]",ItemUnitValue,1
CHEMICALS,"[742.0, 1984.0, 996.0, 2026.0]",ItemDescription,2
AND,"[1030.0, 1984.0, 1113.0, 2025.0]",ItemDescription,2
LAB,"[1147.0, 1984.0, 1226.0, 2025.0]",ItemDescription,2
SUPPLIES,"[1259.0, 1981.0, 1480.0, 2023.0]",ItemDescription,2
724.36,"[2693.0, 1977.0, 2854.0, 2020.0]",ItemTotal,2
BYU,"[745.0, 2101.0, 825.0, 2142.0]",ItemDescription,3
EQUIPMENT,"[859.0, 2101.0, 1113.0, 2151.0]",ItemDescription,3
LEASE,"[1147.0, 2100.0, 1284.0, 2142.0]",ItemDescription,3
"1,685.33","[2643.0, 2092.0, 2855.0, 2142.0]",ItemTotal,3
3YU,"[745.0, 2217.0, 825.0, 2256.0]",ItemDescription,4
LABORATORY,"[859.0, 2214.0, 1141.0, 2256.0]",ItemDescription,4
USE,"[1176.0, 2213.0, 1255.0, 2255.0]",ItemDescription,4
FEE,"[1288.0, 2213.0, 1367.0, 2255.0]",ItemDescription,4
INDIRECT,"[750.0, 2327.0, 970.0, 2367.0]",ItemDescription,4
COSTS,"[1005.0, 2326.0, 1142.0, 2367.0]",ItemDescription,4
709.66,"[2696.0, 2322.0, 2858.0, 2363.0]",ItemTotal,4
FEE,"[746.0, 2442.0, 826.0, 2484.0]",ItemDescription,5
5%,"[859.0, 2442.0, 913.0, 2484.0]",ItemDescription,5
OF,"[946.0, 2442.0, 1000.0, 2483.0]",ItemDescription,5
DIRECT,"[1034.0, 2442.0, 1200.0, 2483.0]",ItemDescription,5
COSTS,"[1234.0, 2442.0, 1372.0, 2483.0]",ItemDescription,5
161.29,"[2701.0, 2438.0, 2859.0, 2479.0]",ItemTotal,5
FINANCE,"[746.0, 2555.0, 942.0, 2597.0]",ItemDescription,6
CHARGE,"[976.0, 2556.0, 1146.0, 2597.0]",ItemDescription,6
917.5?,"[2697.0, 2551.0, 2859.0, 2592.0]",ItemTotal,6
322.7,"[2618.0, 401.0, 2738.0, 455.0]",InvoiceNumber,0
6.700.04,"[2642.0, 3001.0, 2863.0, 3042.0]",TotalAmount,0
31,"[2605.0, 1230.0, 2650.0, 1271.0]",IssuedDate,0
