text,bbox,label,group_label
Translation,"[705.0, 1673.0, 993.0, 1714.0]",ItemDescription,1
of,"[1026.0, 1677.0, 1071.0, 1716.0]",ItemDescription,1
Issue,"[1110.0, 1679.0, 1231.0, 1718.0]",ItemDescription,1
16,"[1264.0, 1682.0, 1310.0, 1720.0]",ItemDescription,1
by,"[1343.0, 1686.0, 1389.0, 1727.0]",ItemDescription,1
M.,"[1414.0, 1686.0, 1465.0, 1720.0]",ItemDescription,1
"Sigler,","[1498.0, 1685.0, 1675.0, 1730.0]",ItemDescription,1
IS-pages,"[1713.0, 1689.0, 1913.0, 1734.0]",ItemDescription,1
"1,850.00","[2472.0, 1700.0, 2677.0, 1738.0]",ItemTotal,1
Printing,"[706.0, 1777.0, 914.0, 1830.0]",ItemDescription,2
of,"[944.0, 1779.0, 989.0, 1819.0]",ItemDescription,2
"5,000","[1023.0, 1783.0, 1148.0, 1828.0]",ItemDescription,2
Mercury,"[698.0, 1831.0, 881.0, 1876.0]",ItemDescription,2
Press,"[915.0, 1834.0, 1040.0, 1872.0]",ItemDescription,2
"6,000.00","[2473.0, 1854.0, 2678.0, 1900.0]",ItemTotal,2
11152-015,"[2266.0, 776.0, 2434.0, 817.0]",InvoiceNumber,0
"7,950.00","[2470.0, 1963.0, 2678.0, 2008.0]",TotalAmount,0
Dec,"[2370.0, 1214.0, 2449.0, 1255.0]",IssuedDate,0
