text,bbox,label,group_label
Base,"[606.0, 1920.0, 721.0, 1962.0]",ItemDescription,1
rate,"[760.0, 1924.0, 872.0, 1962.0]",ItemDescription,1
for,"[914.0, 1919.0, 992.0, 1964.0]",ItemDescription,1
services,"[1035.0, 1920.0, 1264.0, 1965.0]",ItemDescription,1
of,"[1306.0, 1922.0, 1355.0, 1964.0]",ItemDescription,1
HBI-USA,"[1393.0, 1922.0, 1606.0, 1964.0]",ItemDescription,1
"8,000.00","[2635.0, 1927.0, 2873.0, 1973.0]",ItemTotal,1
Base,"[606.0, 1983.0, 721.0, 2024.0]",ItemDescription,2
rate,"[760.0, 1987.0, 872.0, 2024.0]",ItemDescription,2
for,"[914.0, 1982.0, 993.0, 2025.0]",ItemDescription,2
services,"[1035.0, 1982.0, 1264.0, 2027.0]",ItemDescription,2
of,"[1306.0, 1982.0, 1355.0, 2026.0]",ItemDescription,2
HBI-International,"[1393.0, 1984.0, 1896.0, 2030.0]",ItemDescription,2
offices,"[1938.0, 1983.0, 2142.0, 2029.0]",ItemDescription,2
"2,400.00","[2639.0, 1989.0, 2873.0, 2036.0]",ItemTotal,2
Consulting,"[601.0, 2045.0, 905.0, 2097.0]",ItemDescription,3
in,"[951.0, 2045.0, 993.0, 2086.0]",ItemDescription,3
excess,"[1035.0, 2057.0, 1203.0, 2086.0]",ItemDescription,3
of,"[1244.0, 2044.0, 1294.0, 2087.0]",ItemDescription,3
base,"[1335.0, 2047.0, 1447.0, 2088.0]",ItemDescription,3
rate,"[1489.0, 2050.0, 1597.0, 2089.0]",ItemDescription,3
for,"[1639.0, 2046.0, 1717.0, 2088.0]",ItemDescription,3
HBI-IBA,"[1755.0, 2047.0, 1968.0, 2088.0]",ItemDescription,3
at,"[2001.0, 2050.0, 2051.0, 2087.0]",ItemDescription,3
$150/hour,"[2093.0, 2045.0, 2354.0, 2094.0]",ItemDescription,3
0,"[606.0, 2104.0, 630.0, 2145.0]",ItemDescription,3
hours,"[665.0, 2104.0, 810.0, 2145.0]",ItemDescription,3
at,"[848.0, 2107.0, 901.0, 2144.0]",ItemDescription,3
$150/hour,"[943.0, 2103.0, 1206.0, 2152.0]",ItemDescription,3
0.00,"[2760.0, 2108.0, 2873.0, 2152.0]",ItemTotal,3
of,"[1244.0, 2165.0, 1293.0, 2210.0]",ItemDescription,4
base,"[1336.0, 2168.0, 1448.0, 2211.0]",ItemDescription,4
rate,"[1486.0, 2172.0, 1598.0, 2213.0]",ItemDescription,4
for,"[1639.0, 2167.0, 1716.0, 2213.0]",ItemDescription,4
HBI-Intl,"[1756.0, 2170.0, 1989.0, 2213.0]",ItemDescription,4
at,"[2027.0, 2175.0, 2081.0, 2212.0]",ItemDescription,4
$125/hour,"[2122.0, 2166.0, 2385.0, 2216.0]",ItemDescription,4
For,"[602.0, 2466.0, 686.0, 2508.0]",ItemDescription,5
Expenses,"[607.0, 2405.0, 841.0, 2458.0]",ItemDescription,5
the,"[732.0, 2470.0, 814.0, 2508.0]",ItemDescription,5
translation,"[853.0, 2466.0, 1178.0, 2511.0]",ItemDescription,5
into,"[1223.0, 2468.0, 1328.0, 2510.0]",ItemDescription,5
French,"[1362.0, 2468.0, 1540.0, 2511.0]",ItemDescription,5
and,"[1578.0, 2471.0, 1661.0, 2510.0]",ItemDescription,5
Flemish,"[1693.0, 2470.0, 1903.0, 2513.0]",ItemDescription,5
of,"[1940.0, 2467.0, 1993.0, 2512.0]",ItemDescription,5
the,"[2036.0, 2470.0, 2115.0, 2512.0]",ItemDescription,5
reports,"[2154.0, 2475.0, 2356.0, 2524.0]",ItemDescription,5
on,"[604.0, 2538.0, 661.0, 2570.0]",ItemDescription,5
air,"[698.0, 2529.0, 777.0, 2570.0]",ItemDescription,5
quality,"[819.0, 2528.0, 1024.0, 2582.0]",ItemDescription,5
in,"[1070.0, 2528.0, 1115.0, 2570.0]",ItemDescription,5
bars,"[1154.0, 2532.0, 1266.0, 2572.0]",ItemDescription,5
and,"[1304.0, 2532.0, 1391.0, 2572.0]",ItemDescription,5
restaurants,"[1429.0, 2535.0, 1744.0, 2576.0]",ItemDescription,5
as,"[1787.0, 2542.0, 1840.0, 2576.0]",ItemDescription,5
per,"[1878.0, 2542.0, 1961.0, 2584.0]",ItemDescription,5
attached,"[1999.0, 2533.0, 2236.0, 2575.0]",ItemDescription,5
invoice.,"[615.0, 2591.0, 840.0, 2633.0]",ItemDescription,5
The,"[908.0, 2590.0, 995.0, 2632.0]",ItemDescription,5
translations,"[1037.0, 2593.0, 1387.0, 2635.0]",ItemDescription,5
were,"[1420.0, 2606.0, 1540.0, 2635.0]",ItemDescription,5
completed,"[1579.0, 2596.0, 1843.0, 2644.0]",ItemDescription,5
by,"[1878.0, 2596.0, 1932.0, 2645.0]",ItemDescription,5
Peter,"[1969.0, 2596.0, 2111.0, 2637.0]",ItemDescription,5
Whippy's,"[2144.0, 2594.0, 2386.0, 2645.0]",ItemDescription,5
"Company,","[603.0, 2650.0, 840.0, 2700.0]",ItemDescription,5
ROBAD,"[878.0, 2652.0, 1033.0, 2691.0]",ItemDescription,5
Common,"[1058.0, 2653.0, 1237.0, 2693.0]",ItemDescription,5
i,"[1250.0, 2652.0, 1262.0, 2691.0]",ItemDescription,5
eat,"[1274.0, 2657.0, 1354.0, 2693.0]",ItemDescription,5
ions,"[1370.0, 2652.0, 1475.0, 2693.0]",ItemDescription,5
"3,236.00","[2639.0, 2656.0, 2875.0, 2703.0]",ItemTotal,5
5910,"[2515.0, 1005.0, 2624.0, 1047.0]",InvoiceNumber,0
"13,636-00","[2608.0, 2778.0, 2875.0, 2827.0]",TotalAmount,0
"31,","[2635.0, 1128.0, 2712.0, 1177.0]",IssuedDate,0
