text,bbox,label,group_label
BBC,"[509.0, 1587.0, 587.0, 1621.0]",ItemDescription,1
B+,"[620.0, 1588.0, 674.0, 1620.0]",ItemDescription,1
Microcomputer*,"[700.0, 1586.0, 1083.0, 1629.0]",ItemDescription,1
399,"[2547.0, 1590.0, 2622.0, 1628.0]",ItemTotal,1
Cumana,"[513.0, 1640.0, 671.0, 1678.0]",ItemDescription,2
Dual,"[702.0, 1641.0, 806.0, 1678.0]",ItemDescription,2
Diac,"[843.0, 1642.0, 946.0, 1679.0]",ItemDescription,2
Drive*,"[980.0, 1639.0, 1139.0, 1678.0]",ItemDescription,2
330,"[2547.0, 1644.0, 2627.0, 1682.0]",ItemTotal,2
1,"[2244.0, 1645.0, 2264.0, 1679.0]",ItemUnitCount,2
Tatung,"[510.0, 1699.0, 672.0, 1743.0]",ItemDescription,3
Monochrome,"[702.0, 1700.0, 974.0, 1738.0]",ItemDescription,3
Monitor,"[1003.0, 1699.0, 1194.0, 1739.0]",ItemDescription,3
TH0O,"[1224.0, 1699.0, 1332.0, 1737.0]",ItemDescription,3
78,"[2573.0, 1703.0, 2624.0, 1741.0]",ItemTotal,3
1,"[2244.0, 1704.0, 2261.0, 1738.0]",ItemUnitCount,3
Epion,"[511.0, 1753.0, 644.0, 1798.0]",ItemDescription,4
Printer,"[678.0, 1754.0, 865.0, 1791.0]",ItemDescription,4
FXSO+,"[895.0, 1754.0, 1033.0, 1789.0]",ItemDescription,4
438,"[2546.0, 1757.0, 2625.0, 1795.0]",ItemTotal,4
I,"[2246.0, 1758.0, 2262.0, 1795.0]",ItemUnitCount,4
Firmness,"[512.0, 1807.0, 729.0, 1845.0]",ItemDescription,5
Control!,"[758.0, 1807.0, 971.0, 1845.0]",ItemDescription,5
Pressure,"[1009.0, 1812.0, 1221.0, 1847.0]",ItemDescription,5
Transducer!,"[1254.0, 1810.0, 1551.0, 1849.0]",ItemDescription,5
Type,"[567.0, 1869.0, 671.0, 1906.0]",ItemDescription,5
FC040,"[705.0, 1861.0, 839.0, 1899.0]",ItemDescription,5
(boxed),"[872.0, 1864.0, 1055.0, 1906.0]",ItemDescription,5
480,"[2546.0, 1812.0, 2625.0, 1852.0]",ItemTotal,5
2,"[2241.0, 1812.0, 2262.0, 1850.0]",ItemUnitCount,5
Flow,"[512.0, 1915.0, 620.0, 1949.0]",ItemDescription,6
Control,"[651.0, 1913.0, 839.0, 1952.0]",ItemDescription,6
Unit,"[872.0, 1918.0, 976.0, 1953.0]",ItemDescription,6
(TIL),"[1010.0, 1915.0, 1139.0, 1960.0]",ItemDescription,6
Acco*torlea?,"[511.0, 1970.0, 832.0, 2007.0]",ItemDescription,6
120,"[2549.0, 1920.0, 2627.0, 1957.0]",ItemTotal,6
1,"[2247.0, 1921.0, 2265.0, 1954.0]",ItemUnitCount,6
Printer,"[566.0, 2026.0, 757.0, 2064.0]",ItemDescription,7
Cable,"[787.0, 2026.0, 920.0, 2065.0]",ItemDescription,7
1,"[2250.0, 2030.0, 2265.0, 2067.0]",ItemUnitCount,7
Monitor,"[566.0, 2078.0, 754.0, 2117.0]",ItemDescription,8
Cable,"[787.0, 2078.0, 918.0, 2118.0]",ItemDescription,8
20,"[2572.0, 2087.0, 2626.0, 2123.0]",ItemTotal,8
1,"[2246.0, 2083.0, 2263.0, 2121.0]",ItemUnitCount,8
Maine,"[564.0, 2132.0, 700.0, 2170.0]",ItemDescription,9
Distribution,"[730.0, 2132.0, 1060.0, 2172.0]",ItemDescription,9
Cable,"[1089.0, 2135.0, 1222.0, 2171.0]",ItemDescription,9
1,"[2243.0, 2138.0, 2264.0, 2175.0]",ItemUnitCount,9
Flow,"[565.0, 2243.0, 676.0, 2279.0]",ItemDescription,10
Sensor*,"[704.0, 2242.0, 891.0, 2280.0]",ItemDescription,10
(Peripex),"[928.0, 2241.0, 1165.0, 2290.0]",ItemDescription,10
Flow,"[570.0, 2298.0, 674.0, 2335.0]",ItemDescription,10
Sensors,"[704.0, 2299.0, 891.0, 2336.0]",ItemDescription,10
(Polypropylene,"[928.0, 2297.0, 1304.0, 2346.0]",ItemDescription,10
50,"[2573.0, 2248.0, 2624.0, 2288.0]",ItemTotal,10
10,"[2216.0, 2247.0, 2265.0, 2284.0]",ItemUnitCount,10
Polythene,"[568.0, 2407.0, 809.0, 2452.0]",ItemDescription,11
tubing,"[843.0, 2410.0, 1001.0, 2458.0]",ItemDescription,11
4,"[2243.0, 2413.0, 2264.0, 2450.0]",ItemUnitCount,11
Tool,"[564.0, 2459.0, 673.0, 2498.0]",ItemDescription,12
Kit,"[702.0, 2463.0, 781.0, 2499.0]",ItemDescription,12
(tin),"[816.0, 2462.0, 948.0, 2505.0]",ItemDescription,12
20,"[2574.0, 2470.0, 2624.0, 2508.0]",ItemTotal,12
1,"[2247.0, 2469.0, 2265.0, 2505.0]",ItemUnitCount,12
Printer,"[569.0, 2522.0, 753.0, 2556.0]",ItemDescription,13
Paper,"[786.0, 2522.0, 923.0, 2565.0]",ItemDescription,13
(box),"[953.0, 2520.0, 1082.0, 2565.0]",ItemDescription,13
1,"[2245.0, 2525.0, 2262.0, 2558.0]",ItemUnitCount,13
Computer,"[567.0, 2627.0, 787.0, 2671.0]",ItemDescription,14
Plinth,"[813.0, 2628.0, 976.0, 2665.0]",ItemDescription,14
20,"[2573.0, 2636.0, 2626.0, 2671.0]",ItemTotal,14
1,"[2246.0, 2633.0, 2264.0, 2671.0]",ItemUnitCount,14
Computer,"[568.0, 2685.0, 781.0, 2726.0]",ItemDescription,15
Flexible,"[814.0, 2682.0, 1031.0, 2722.0]",ItemDescription,15
Di,"[1060.0, 2686.0, 1110.0, 2723.0]",ItemDescription,15
ace,"[1122.0, 2697.0, 1194.0, 2722.0]",ItemDescription,15
(blank),"[1231.0, 2684.0, 1410.0, 2731.0]",ItemDescription,15
20,"[2573.0, 2691.0, 2623.0, 2728.0]",ItemTotal,15
8,"[2244.0, 2691.0, 2265.0, 2725.0]",ItemUnitCount,15
Cumana,"[569.0, 2736.0, 731.0, 2773.0]",ItemDescription,16
Flexible,"[757.0, 2737.0, 977.0, 2773.0]",ItemDescription,16
Diac,"[1010.0, 2741.0, 1111.0, 2776.0]",ItemDescription,16
(Formatter)*,"[1149.0, 2738.0, 1472.0, 2782.0]",ItemDescription,16
10,"[2574.0, 2745.0, 2624.0, 2782.0]",ItemTotal,16
25,"[2161.0, 984.0, 2208.0, 1022.0]",IssuedDate,0
