text,bbox,label,group_label
Studying,"[619.0, 2112.0, 898.0, 2165.0]",ItemDescription,1
Office,"[937.0, 2112.0, 1140.0, 2154.0]",ItemDescription,1
"Action,","[1180.0, 2112.0, 1415.0, 2161.0]",ItemDescription,1
Amending,"[1462.0, 2111.0, 1736.0, 2164.0]",ItemDescription,1
pages,"[1778.0, 2123.0, 1944.0, 2162.0]",ItemDescription,1
"22,","[1991.0, 2112.0, 2082.0, 2159.0]",ItemDescription,1
"23,","[2132.0, 2112.0, 2220.0, 2159.0]",ItemDescription,1
27,"[2274.0, 2113.0, 2332.0, 2150.0]",ItemDescription,1
of,"[724.0, 2175.0, 790.0, 2212.0]",ItemDescription,1
specification,"[832.0, 2170.0, 1283.0, 2225.0]",ItemDescription,1
and,"[1324.0, 2172.0, 1423.0, 2213.0]",ItemDescription,1
"claims,","[1465.0, 2172.0, 1694.0, 2219.0]",ItemDescription,1
Filing,"[1740.0, 2170.0, 1948.0, 2223.0]",ItemDescription,1
"response,","[1986.0, 2183.0, 2290.0, 2220.0]",ItemDescription,1
reporting,"[619.0, 2233.0, 932.0, 2283.0]",ItemDescription,1
thereof,"[973.0, 2234.0, 1212.0, 2271.0]",ItemDescription,1
and,"[1254.0, 2234.0, 1353.0, 2271.0]",ItemDescription,1
postage,"[1391.0, 2235.0, 1628.0, 2281.0]",ItemDescription,1
expenses,"[1672.0, 2241.0, 1943.0, 2282.0]",ItemDescription,1
and,"[2374.0, 2113.0, 2474.0, 2151.0]",ItemDescription,2
PATENTS,"[2586.0, 2072.0, 2825.0, 2110.0]",ItemDescription,2
$155.0Q,"[2590.0, 2231.0, 2825.0, 2275.0]",ItemTotal,2
