text,bbox,label,group_label
biological,"[833.0, 2115.0, 1183.0, 2168.0]",ItemDescription,1
Activity,"[1226.0, 2115.0, 1510.0, 2168.0]",ItemDescription,1
of,"[1552.0, 2113.0, 1614.0, 2156.0]",ItemDescription,1
A,"[1659.0, 2118.0, 1695.0, 2157.0]",ItemDescription,1
245,"[1738.0, 2115.0, 1833.0, 2158.0]",ItemDescription,1
"88,800","[2501.0, 2116.0, 2706.0, 2164.0]",ItemTotal,1
Biological,"[833.0, 2236.0, 1183.0, 2289.0]",ItemDescription,2
Activity,"[1229.0, 2236.0, 1509.0, 2289.0]",ItemDescription,2
of,"[1551.0, 2235.0, 1613.0, 2279.0]",ItemDescription,2
FRSS,"[1663.0, 2238.0, 1798.0, 2280.0]",ItemDescription,2
and,"[1841.0, 2238.0, 1945.0, 2279.0]",ItemDescription,2
ELSS,"[1991.0, 2239.0, 2126.0, 2280.0]",ItemDescription,2
"5,083,000","[2388.0, 2237.0, 2705.0, 2289.0]",ItemTotal,2
Biological,"[832.0, 2358.0, 1182.0, 2410.0]",ItemDescription,3
Activity,"[1225.0, 2359.0, 1509.0, 2413.0]",ItemDescription,3
of,"[1551.0, 2359.0, 1613.0, 2401.0]",ItemDescription,3
New,"[1662.0, 2362.0, 1767.0, 2401.0]",ItemDescription,3
Smoke,"[1804.0, 2359.0, 1979.0, 2401.0]",ItemDescription,3
"133,200","[2463.0, 2362.0, 2705.0, 2411.0]",ItemTotal,3
Scientific,"[829.0, 2475.0, 1183.0, 2518.0]",ItemDescription,4
and,"[1229.0, 2479.0, 1329.0, 2519.0]",ItemDescription,4
Technical,"[1372.0, 2477.0, 1688.0, 2521.0]",ItemDescription,4
Improvements,"[1737.0, 2482.0, 2158.0, 2532.0]",ItemDescription,4
"281,200","[2463.0, 2481.0, 2705.0, 2531.0]",ItemTotal,4
Project,"[832.0, 2600.0, 1074.0, 2653.0]",ItemDescription,5
Management,"[1116.0, 2601.0, 1471.0, 2652.0]",ItemDescription,5
950.000,"[2462.0, 2603.0, 2706.0, 2648.0]",ItemTotal,5
"7,336,200","[2388.0, 2725.0, 2705.0, 2776.0]",TotalAmount,0
Jun.91,"[2675.0, 1444.0, 2883.0, 1489.0]",IssuedDate,0
