text,bbox,label,group_label
"Sydney,","[613.0, 1788.0, 816.0, 1837.0]",ItemDescription,1
HBI-Australia,"[858.0, 1784.0, 1240.0, 1825.0]",ItemDescription,1
invoice,"[1287.0, 1785.0, 1479.0, 1826.0]",ItemDescription,1
#498,"[1520.0, 1785.0, 1631.0, 1826.0]",ItemDescription,1
"1,098.00","[2632.0, 1778.0, 2864.0, 1827.0]",ItemTotal,1
"Melbourne,","[612.0, 1848.0, 907.0, 1894.0]",ItemDescription,2
HRI-Aus,"[945.0, 1846.0, 1146.0, 1888.0]",ItemDescription,2
t,"[1162.0, 1850.0, 1174.0, 1886.0]",ItemDescription,2
ral,"[1190.0, 1847.0, 1261.0, 1887.0]",ItemDescription,2
ia,"[1283.0, 1843.0, 1332.0, 1887.0]",ItemDescription,2
invoice,"[1378.0, 1843.0, 1573.0, 1886.0]",ItemDescription,2
#499,"[1608.0, 1844.0, 1718.0, 1886.0]",ItemDescription,2
"1,950-00","[2635.0, 1840.0, 2863.0, 1886.0]",ItemTotal,2
"Brisbane,","[620.0, 1908.0, 878.0, 1954.0]",ItemDescription,3
HBI-Australia,"[916.0, 1905.0, 1302.0, 1948.0]",ItemDescription,3
invoice,"[1344.0, 1906.0, 1540.0, 1947.0]",ItemDescription,3
#500,"[1582.0, 1907.0, 1689.0, 1947.0]",ItemDescription,3
"1,950.00","[2635.0, 1902.0, 2863.0, 1947.0]",ItemTotal,3
"Melbourne,","[616.0, 1971.0, 907.0, 2014.0]",ItemDescription,4
RBI-Australia,"[948.0, 1968.0, 1331.0, 2010.0]",ItemDescription,4
invoice,"[1378.0, 1968.0, 1573.0, 2010.0]",ItemDescription,4
#501,"[1611.0, 1968.0, 1718.0, 2007.0]",ItemDescription,4
"1,750.00","[2638.0, 1963.0, 2863.0, 2011.0]",ItemTotal,4
CH0215,"[2498.0, 930.0, 2676.0, 972.0]",InvoiceNumber,0
"6,748.00","[2634.0, 2086.0, 2867.0, 2131.0]",TotalAmount,0
DATE,"[2376.0, 1043.0, 2472.0, 1072.0]",IssuedDate,0
