text,bbox,label,group_label
PHILIP,"[961.0, 1205.0, 1182.0, 1246.0]",ItemDescription,1
MORRIS,"[1225.0, 1205.0, 1445.0, 1251.0]",ItemDescription,1
To,"[500.0, 1397.0, 570.0, 1438.0]",ItemDescription,2
cover,"[616.0, 1405.0, 803.0, 1438.0]",ItemDescription,2
professional,"[846.0, 1395.0, 1290.0, 1450.0]",ItemDescription,2
and,"[1337.0, 1393.0, 1445.0, 1437.0]",ItemDescription,2
public,"[1487.0, 1392.0, 1710.0, 1446.0]",ItemDescription,2
relations,"[1753.0, 1392.0, 2085.0, 1434.0]",ItemDescription,2
services,"[691.0, 1459.0, 987.0, 1501.0]",ItemDescription,2
in,"[1037.0, 1459.0, 1107.0, 1501.0]",ItemDescription,2
France,"[1150.0, 1459.0, 1370.0, 1501.0]",ItemDescription,2
in,"[1416.0, 1459.0, 1485.0, 1501.0]",ItemDescription,2
connection,"[1528.0, 1455.0, 1901.0, 1501.0]",ItemDescription,2
with,"[1940.0, 1455.0, 2090.0, 1500.0]",ItemDescription,2
upcoming,"[691.0, 1521.0, 990.0, 1577.0]",ItemDescription,2
seminars,"[1036.0, 1521.0, 1328.0, 1564.0]",ItemDescription,2
