text,bbox,label,group_label
Secretarial,"[687.0, 1467.0, 1095.0, 1509.0]",ItemDescription,1
overtloo,"[1141.0, 1468.0, 1439.0, 1509.0]",ItemDescription,1
in,"[1483.0, 1468.0, 1549.0, 1508.0]",ItemDescription,1
connection,"[687.0, 1530.0, 1057.0, 1573.0]",ItemDescription,1
oith,"[1103.0, 1532.0, 1246.0, 1571.0]",ItemDescription,1
inputting,"[1292.0, 1530.0, 1625.0, 1578.0]",ItemDescription,1
attendee”*,"[691.0, 1593.0, 1054.0, 1636.0]",ItemDescription,1
list,"[1101.0, 1595.0, 1246.0, 1637.0]",ItemDescription,1
for,"[1292.0, 1594.0, 1396.0, 1635.0]",ItemDescription,1
HBI,"[1443.0, 1597.0, 1546.0, 1638.0]",ItemDescription,1
Seattle,"[688.0, 1656.0, 942.0, 1698.0]",ItemDescription,1
tour,"[988.0, 1659.0, 1130.0, 1699.0]",ItemDescription,1
Secretarial,"[685.0, 1842.0, 1093.0, 1883.0]",ItemDescription,1
overtine,"[1140.0, 1844.0, 1436.0, 1883.0]",ItemDescription,1
in,"[1482.0, 1843.0, 1551.0, 1882.0]",ItemDescription,1
connection,"[681.0, 1906.0, 1056.0, 1949.0]",ItemDescription,1
alth,"[1102.0, 1907.0, 1247.0, 1949.0]",ItemDescription,1
editing*,"[1290.0, 1906.0, 1582.0, 1954.0]",ItemDescription,1
^11*00,"[2706.0, 1720.0, 2951.0, 1775.0]",ItemTotal,1
copyings,"[682.0, 1969.0, 973.0, 2018.0]",ItemDescription,2
fusing,"[1024.0, 1967.0, 1248.0, 2017.0]",ItemDescription,2
and,"[1295.0, 1969.0, 1395.0, 2009.0]",ItemDescription,2
Bailing,"[1441.0, 1967.0, 1699.0, 2016.0]",ItemDescription,2
HBI,"[686.0, 2032.0, 790.0, 2075.0]",ItemDescription,2
nedla,"[832.0, 2032.0, 1020.0, 2075.0]",ItemDescription,2
tour*,"[1062.0, 2033.0, 1245.0, 2074.0]",ItemDescription,2
information,"[1292.0, 2031.0, 1698.0, 2074.0]",ItemDescription,2
Secretarial,"[683.0, 2217.0, 1092.0, 2260.0]",ItemDescription,2
avertine,"[1143.0, 2219.0, 1438.0, 2261.0]",ItemDescription,2
in,"[1480.0, 2218.0, 1550.0, 2260.0]",ItemDescription,2
54.00,"[2771.0, 2094.0, 2950.0, 2136.0]",ItemTotal,2
connection,"[683.0, 2284.0, 1054.0, 2326.0]",ItemDescription,3
oith,"[1101.0, 2282.0, 1245.0, 2325.0]",ItemDescription,3
HBI,"[1290.0, 2286.0, 1393.0, 2327.0]",ItemDescription,3
calls,"[1440.0, 2284.0, 1622.0, 2326.0]",ItemDescription,3
Secretarial,"[685.0, 2471.0, 1094.0, 2514.0]",ItemDescription,3
avertin*,"[1141.0, 2471.0, 1436.0, 2515.0]",ItemDescription,3
in,"[1479.0, 2472.0, 1548.0, 2514.0]",ItemDescription,3
180.00,"[2731.0, 2345.0, 2947.0, 2387.0]",ItemTotal,3
connection,"[682.0, 2538.0, 1053.0, 2580.0]",ItemDescription,4
oith,"[1099.0, 2537.0, 1244.0, 2578.0]",ItemDescription,4
entering,"[1286.0, 2538.0, 1586.0, 2585.0]",ItemDescription,4
HBI,"[682.0, 2599.0, 785.0, 2640.0]",ItemDescription,4
nedla,"[833.0, 2598.0, 1020.0, 2640.0]",ItemDescription,4
tour,"[1061.0, 2600.0, 1204.0, 2641.0]",ItemDescription,4
list,"[1253.0, 2596.0, 1395.0, 2641.0]",ItemDescription,4
36.00,"[2767.0, 2666.0, 2942.0, 2708.0]",ItemTotal,4
Photocopies,"[680.0, 2790.0, 1092.0, 2834.0]",ItemDescription,5
of,"[1134.0, 2788.0, 1204.0, 2829.0]",ItemDescription,5
necessary,"[1247.0, 2799.0, 1584.0, 2838.0]",ItemDescription,5
naterials,"[680.0, 2851.0, 1018.0, 2894.0]",ItemDescription,5
St,"[1135.0, 2853.0, 1205.0, 2895.0]",ItemDescription,5
Leals,"[1251.0, 2852.0, 1434.0, 2895.0]",ItemDescription,5
3.60,"[2802.0, 2921.0, 2943.0, 2962.0]",ItemTotal,5
153311,"[2734.0, 573.0, 2947.0, 616.0]",InvoiceNumber,0
8291.60,"[2688.0, 3167.0, 2941.0, 3212.0]",TotalAmount,0
04/16/92,"[2735.0, 644.0, 3027.0, 687.0]",IssuedDate,0
