text,bbox,label,group_label
Svenska,"[535.0, 1823.0, 760.0, 1868.0]",ItemDescription,1
invoice,"[810.0, 1823.0, 1022.0, 1871.0]",ItemDescription,1
91106,"[1064.0, 1829.0, 1218.0, 1873.0]",ItemDescription,1
refers,"[1261.0, 1824.0, 1447.0, 1872.0]",ItemDescription,1
"4,093.00","[2735.0, 1836.0, 2989.0, 1883.0]",ItemTotal,1
Svenska,"[535.0, 1890.0, 760.0, 1932.0]",ItemDescription,2
invoice,"[806.0, 1889.0, 1022.0, 1935.0]",ItemDescription,2
91107,"[1061.0, 1895.0, 1215.0, 1938.0]",ItemDescription,2
refers,"[1261.0, 1891.0, 1444.0, 1937.0]",ItemDescription,2
"3,484.00","[2736.0, 1903.0, 2986.0, 1949.0]",ItemTotal,2
MO0065,"[2605.0, 879.0, 2796.0, 924.0]",InvoiceNumber,0
"7,577.00","[2736.0, 2028.0, 2986.0, 2075.0]",TotalAmount,0
Jul,"[2610.0, 1008.0, 2697.0, 1049.0]",IssuedDate,0
