text,bbox,label,group_label
6QN,"[1003.0, 1383.0, 1107.0, 1420.0]",ItemDescription,1
SELF,"[1151.0, 1380.0, 1286.0, 1420.0]",ItemDescription,1
PROPELLED,"[1328.0, 1380.0, 1648.0, 1422.0]",ItemDescription,1
AERIAL,"[754.0, 1418.0, 961.0, 1460.0]",ItemDescription,2
PLATFORM,"[1008.0, 1417.0, 1286.0, 1463.0]",ItemDescription,2
W/180,"[1332.0, 1421.0, 1500.0, 1464.0]",ItemDescription,2
ROTATING,"[753.0, 1464.0, 1036.0, 1506.0]",ItemDescription,2
PLATFORM,"[1078.0, 1464.0, 1357.0, 1508.0]",ItemDescription,2
"64,662.00","[2414.0, 1561.0, 2734.0, 1606.0]",ItemTotal,2
FREIGHT,"[754.0, 1597.0, 1003.0, 1640.0]",ItemDescription,3
AND,"[1041.0, 1601.0, 1145.0, 1642.0]",ItemDescription,3
DELIVERY,"[1183.0, 1600.0, 1471.0, 1642.0]",ItemDescription,3
"2,200.00","[2450.0, 1606.0, 2734.0, 1647.0]",ItemTotal,3
0808437014,"[2056.0, 528.0, 2411.0, 568.0]",InvoiceNumber,0
"66,862.00","[2411.0, 2912.0, 2728.0, 2957.0]",TotalAmount,0
07/31/87,"[1112.0, 1287.0, 1395.0, 1330.0]",IssuedDate,0
