text,bbox,label,group_label
S/N,"[455.0, 1668.0, 543.0, 1715.0]",ItemDescription,1
79694,"[580.0, 1672.0, 721.0, 1710.0]",ItemDescription,1
on,"[760.0, 1685.0, 814.0, 1711.0]",ItemDescription,1
April,"[847.0, 1669.0, 993.0, 1719.0]",ItemDescription,1
15;,"[1034.0, 1670.0, 1117.0, 1715.0]",ItemDescription,1
1991,"[1155.0, 1669.0, 1263.0, 1708.0]",ItemDescription,1
250.00,"[2772.0, 1668.0, 2943.0, 1706.0]",ItemTotal,1
Furnish,"[451.0, 1792.0, 663.0, 1831.0]",ItemDescription,2
deliver,"[759.0, 1790.0, 963.0, 1832.0]",ItemDescription,2
test,"[1006.0, 1799.0, 1117.0, 1832.0]",ItemDescription,2
weights,"[1151.0, 1791.0, 1356.0, 1840.0]",ItemDescription,2
for,"[1398.0, 1791.0, 1480.0, 1829.0]",ItemDescription,2
Load,"[1514.0, 1792.0, 1630.0, 1829.0]",ItemDescription,2
Test,"[1668.0, 1792.0, 1784.0, 1830.0]",ItemDescription,2
Trucks,"[1943.0, 1792.0, 2118.0, 1827.0]",ItemDescription,2
445.00,"[2768.0, 1786.0, 2944.0, 1827.0]",ItemTotal,2
Examination,"[459.0, 1914.0, 785.0, 1956.0]",ItemDescription,3
and,"[821.0, 1918.0, 905.0, 1954.0]",ItemDescription,3
Load,"[942.0, 1915.0, 1055.0, 1953.0]",ItemDescription,3
Test,"[1092.0, 1916.0, 1208.0, 1953.0]",ItemDescription,3
of,"[1242.0, 1915.0, 1297.0, 1953.0]",ItemDescription,3
spreader,"[1338.0, 1916.0, 1572.0, 1962.0]",ItemDescription,3
beam,"[1609.0, 1916.0, 1726.0, 1954.0]",ItemDescription,3
200.00,"[2772.0, 1911.0, 2947.0, 1948.0]",ItemTotal,3
1,"[459.0, 2039.0, 479.0, 2077.0]",ItemDescription,4
only,"[518.0, 2039.0, 633.0, 2086.0]",ItemDescription,4
Rigger,"[671.0, 2036.0, 845.0, 2085.0]",ItemDescription,4
5,"[888.0, 2036.0, 906.0, 2073.0]",ItemDescription,4
Hr.,"[942.0, 2040.0, 1018.0, 2073.0]",ItemDescription,4
<3,"[1063.0, 2036.0, 1087.0, 2079.0]",ItemDescription,4
$42.00,"[1126.0, 2034.0, 1300.0, 2077.0]",ItemDescription,4
per,"[1338.0, 2049.0, 1421.0, 2084.0]",ItemDescription,4
Hr.,"[1455.0, 2037.0, 1534.0, 2074.0]",ItemDescription,4
210.00,"[2772.0, 2032.0, 2946.0, 2069.0]",ItemTotal,4
0476,"[2934.0, 165.0, 3096.0, 223.0]",InvoiceNumber,0
U05.00,"[2747.0, 2280.0, 2951.0, 2323.0]",TotalAmount,0
5/2J/91,"[2865.0, 765.0, 3057.0, 809.0]",IssuedDate,0
