text,bbox,label,group_label
Total,"[994.0, 2135.0, 1121.0, 2174.0]",ItemDescription,1
labor,"[1139.0, 2136.0, 1267.0, 2173.0]",ItemDescription,1
$168.75,"[2027.0, 2127.0, 2224.0, 2174.0]",ItemTotal,1
Total,"[994.0, 2210.0, 1121.0, 2248.0]",ItemDescription,2
Material/Rental,"[1139.0, 2207.0, 1517.0, 2249.0]",ItemDescription,2
Cost,"[1538.0, 2208.0, 1646.0, 2245.0]",ItemDescription,2
$0.00,"[2085.0, 2205.0, 2224.0, 2250.0]",ItemTotal,2
Total,"[993.0, 2282.0, 1121.0, 2319.0]",ItemDescription,3
Subsistence,"[1139.0, 2282.0, 1446.0, 2319.0]",ItemDescription,3
Mileage,"[1514.0, 2282.0, 1709.0, 2336.0]",ItemDescription,3
Cost,"[1726.0, 2282.0, 1834.0, 2319.0]",ItemDescription,3
00,"[2166.0, 2280.0, 2224.0, 2317.0]",ItemTotal,3
1,"[997.0, 2503.0, 1014.0, 2540.0]",ItemDescription,4
$25.31,"[2055.0, 2500.0, 2214.0, 2544.0]",ItemTotal,4
"$11,761.47","[2329.0, 3155.0, 2611.0, 3205.0]",TotalAmount,0
April,"[2065.0, 908.0, 2168.0, 966.0]",IssuedDate,0
