text,bbox,label,group_label
SERVICE,"[1441.0, 2780.0, 1638.0, 2817.0]",ItemDescription,1
$0,"[2287.0, 2783.0, 2337.0, 2816.0]",ItemTotal,1
OPCs,"[1058.0, 2938.0, 1186.0, 2975.0]",ItemDescription,2
(OUT,"[1200.0, 2938.0, 1308.0, 2980.0]",ItemDescription,2
OF,"[1321.0, 2938.0, 1382.0, 2976.0]",ItemDescription,2
POCKET,"[1396.0, 2938.0, 1579.0, 2976.0]",ItemDescription,2
COSTS),"[1596.0, 2938.0, 1758.0, 2983.0]",ItemDescription,2
553,"[2268.0, 2951.0, 2342.0, 2988.0]",ItemTotal,2
11835,"[694.0, 1744.0, 812.0, 1780.0]",InvoiceNumber,0
531.171,"[2425.0, 3422.0, 2583.0, 3459.0]",TotalAmount,0
March,"[2312.0, 1417.0, 2437.0, 1455.0]",IssuedDate,0
