text,bbox,label,group_label
fWFOSCAN:,"[541.0, 1750.0, 799.0, 1791.0]",ItemDescription,1
CIGARETTES,"[850.0, 1746.0, 1153.0, 1788.0]",ItemDescription,1
VIRGINIA,"[533.0, 1813.0, 778.0, 1851.0]",ItemDescription,1
SLIMS,"[817.0, 1813.0, 966.0, 1851.0]",ItemDescription,1
SUPER,"[1004.0, 1813.0, 1157.0, 1851.0]",ItemDescription,1
SLIMS,"[1195.0, 1810.0, 1340.0, 1847.0]",ItemDescription,1
PANEL,"[533.0, 1875.0, 682.0, 1913.0]",ItemDescription,1
DATA,"[724.0, 1875.0, 841.0, 1913.0]",ItemDescription,1
FROM,"[882.0, 1876.0, 999.0, 1913.0]",ItemDescription,1
1087,"[1045.0, 1867.0, 1153.0, 1918.0]",ItemDescription,1
TO,"[1192.0, 1872.0, 1249.0, 1910.0]",ItemDescription,1
>992,"[1296.0, 1872.0, 1406.0, 1918.0]",ItemDescription,1
"$65,000.00","[2651.0, 2934.0, 2958.0, 2984.0]",TotalAmount,0
JUNE,"[2548.0, 1236.0, 2665.0, 1274.0]",IssuedDate,0
