text,bbox,label,group_label
PROFESSIONAL,"[567.0, 2530.0, 1020.0, 2572.0]",ItemDescription,1
FEE,"[1063.0, 2532.0, 1167.0, 2571.0]",ItemDescription,1
TO,"[1208.0, 2532.0, 1279.0, 2570.0]",ItemDescription,1
DATE,"[1325.0, 2532.0, 1468.0, 2571.0]",ItemDescription,1
"$2,570.00","[2238.0, 2528.0, 2567.0, 2581.0]",ItemTotal,1
PREVIOUSLY,"[1022.0, 2594.0, 1392.0, 2637.0]",ItemDescription,2
$.00,"[2424.0, 2591.0, 2567.0, 2645.0]",ItemTotal,2
332004,"[956.0, 884.0, 1172.0, 923.0]",InvoiceNumber,0
"$2,671.00","[2229.0, 3670.0, 2559.0, 3723.0]",TotalAmount,0
Date.,"[533.0, 992.0, 626.0, 1026.0]",IssuedDate,0
