text,bbox,label,group_label
PROFESSIONAL,"[423.0, 2389.0, 876.0, 2431.0]",ItemDescription,1
FEE,"[916.0, 2389.0, 1023.0, 2431.0]",ItemDescription,1
TO,"[1065.0, 2389.0, 1136.0, 2430.0]",ItemDescription,1
DATE,"[1182.0, 2386.0, 1324.0, 2427.0]",ItemDescription,1
"$15,970.00","[2058.0, 2379.0, 2428.0, 2434.0]",ItemTotal,1
TOTAL,"[423.0, 2582.0, 610.0, 2622.0]",ItemDescription,2
$.00,"[2283.0, 2571.0, 2424.0, 2620.0]",ItemTotal,2
OUT-OF-POCKET,"[423.0, 2709.0, 910.0, 2748.0]",ItemDescription,3
EXPENSES,"[953.0, 2706.0, 1244.0, 2748.0]",ItemDescription,3
TO,"[1289.0, 2707.0, 1361.0, 2744.0]",ItemDescription,3
DATE,"[1407.0, 2707.0, 1552.0, 2744.0]",ItemDescription,3
$897.00,"[2170.0, 2700.0, 2424.0, 2750.0]",ItemTotal,3
331973,"[805.0, 747.0, 1017.0, 788.0]",InvoiceNumber,0
$758.00,"[2170.0, 3525.0, 2427.0, 3576.0]",TotalAmount,0
Date;,"[392.0, 855.0, 488.0, 892.0]",IssuedDate,0
