text,bbox,label,group_label
Ten,"[675.0, 2242.0, 766.0, 2288.0]",ItemDescription,1
Commissioned,"[783.0, 2242.0, 1129.0, 2288.0]",ItemDescription,1
Articles,"[1146.0, 2242.0, 1326.0, 2288.0]",ItemDescription,1
"5,000","[2001.0, 2243.0, 2129.0, 2297.0]",ItemTotal,1
Editor,"[676.0, 2384.0, 820.0, 2429.0]",ItemDescription,2
Printing,"[676.0, 2522.0, 862.0, 2580.0]",ItemDescription,2
"(15,000","[880.0, 2523.0, 1055.0, 2578.0]",ItemDescription,2
Copies),"[1071.0, 2526.0, 1251.0, 2580.0]",ItemDescription,2
"S40,000","[1941.0, 2525.0, 2129.0, 2576.0]",ItemTotal,2
Mailing,"[675.0, 2663.0, 858.0, 2717.0]",ItemDescription,3
"(15,000","[879.0, 2664.0, 1051.0, 2717.0]",ItemDescription,3
Copies),"[1070.0, 2666.0, 1246.0, 2718.0]",ItemDescription,3
"510,000","[1941.0, 2667.0, 2129.0, 2717.0]",ItemTotal,3
"390,000","[1941.0, 2873.0, 2129.0, 2926.0]",TotalAmount,0
March,"[1771.0, 1033.0, 1920.0, 1077.0]",IssuedDate,0
