text,bbox,label,group_label
NOV,"[605.0, 1690.0, 679.0, 1723.0]",ItemDescription,1
87,"[709.0, 1690.0, 755.0, 1722.0]",ItemDescription,1
GOHJUTER,"[834.0, 1693.0, 1038.0, 1723.0]",ItemDescription,1
CLOCKS-BL,"[1064.0, 1693.0, 1288.0, 1726.0]",ItemDescription,1
"1,738.40","[2138.0, 1694.0, 2335.0, 1731.0]",ItemTotal,1
12,"[1476.0, 1696.0, 1517.0, 1725.0]",ItemUnitCount,1
NOV,"[605.0, 1861.0, 680.0, 1890.0]",ItemDescription,2
87,"[709.0, 1861.0, 751.0, 1890.0]",ItemDescription,2
COMMJTER,"[835.0, 1864.0, 1035.0, 1894.0]",ItemDescription,2
CLOCKS-BL,"[1064.0, 1864.0, 1289.0, 1894.0]",ItemDescription,2
18.543.53,"[2113.0, 1865.0, 2334.0, 1895.0]",ItemTotal,2
152,"[1452.0, 1867.0, 1518.0, 1895.0]",ItemUnitCount,2
BLB,"[351.0, 2073.0, 421.0, 2104.0]",ItemDescription,3
B6.H,"[476.0, 2074.0, 550.0, 2104.0]",ItemDescription,3
LIGHTS,"[581.0, 2073.0, 726.0, 2107.0]",ItemDescription,3
BOX,"[757.0, 2073.0, 831.0, 2107.0]",ItemDescription,3
