text,bbox,label,group_label
To,"[410.0, 1365.0, 468.0, 1411.0]",ItemDescription,1
charge,"[505.0, 1362.0, 680.0, 1421.0]",ItemDescription,1
your,"[713.0, 1380.0, 830.0, 1425.0]",ItemDescription,1
account,"[868.0, 1373.0, 1076.0, 1411.0]",ItemDescription,1
For,"[1113.0, 1365.0, 1180.0, 1412.0]",ItemDescription,1
2nd,"[1214.0, 1366.0, 1306.0, 1412.0]",ItemDescription,1
Quarter,"[1348.0, 1367.0, 1555.0, 1414.0]",ItemDescription,1
1980,"[1598.0, 1366.0, 1712.0, 1414.0]",ItemDescription,1
Advertising,"[408.0, 1437.0, 711.0, 1496.0]",ItemDescription,1
"Research,","[754.0, 1435.0, 1001.0, 1485.0]",ItemDescription,1
"$97,497","[2862.0, 1439.0, 3084.0, 1498.0]",ItemTotal,1
6-51,"[2838.0, 218.0, 2951.0, 260.0]",InvoiceNumber,0
"30,","[2779.0, 780.0, 2859.0, 841.0]",IssuedDate,0
