text,bbox,label,group_label
1984,"[528.0, 1813.0, 670.0, 1858.0]",ItemDescription,1
VIRGINIA,"[716.0, 1816.0, 1008.0, 1857.0]",ItemDescription,1
SLIMS,"[1061.0, 1818.0, 1234.0, 1856.0]",ItemDescription,1
CONSULTANT,"[1288.0, 1817.0, 1649.0, 1858.0]",ItemDescription,1
AGREEMENT,"[1699.0, 1818.0, 2029.0, 1859.0]",ItemDescription,1
DATED,"[529.0, 1880.0, 703.0, 1921.0]",ItemDescription,1
DECEMBER,"[754.0, 1878.0, 1045.0, 1920.0]",ItemDescription,1
08/,"[1096.0, 1877.0, 1192.0, 1920.0]",ItemDescription,1
1983,"[1246.0, 1876.0, 1387.0, 1921.0]",ItemDescription,1
WITH,"[525.0, 1943.0, 667.0, 1980.0]",ItemDescription,1
FUTURE/,"[721.0, 1941.0, 967.0, 1983.0]",ItemDescription,1
INC,"[1021.0, 1944.0, 1118.0, 1981.0]",ItemDescription,1
FOR,"[529.0, 2005.0, 629.0, 2047.0]",ItemDescription,1
FIRST,"[680.0, 2005.0, 859.0, 2046.0]",ItemDescription,1
HALF,"[909.0, 2006.0, 1042.0, 2045.0]",ItemDescription,1
CONSULTING,"[1097.0, 2005.0, 1460.0, 2047.0]",ItemDescription,1
FEE,"[1514.0, 2007.0, 1614.0, 2048.0]",ItemDescription,1
DUE,"[1663.0, 2006.0, 1763.0, 2048.0]",ItemDescription,1
PER,"[677.0, 2070.0, 780.0, 2108.0]",ItemDescription,1
AGREEMENT,"[830.0, 2069.0, 1160.0, 2111.0]",ItemDescription,1
FROM;,"[680.0, 2129.0, 851.0, 2171.0]",ItemDescription,1
JAN,"[905.0, 2131.0, 1006.0, 2170.0]",ItemDescription,1
01/84,"[1056.0, 2127.0, 1235.0, 2172.0]",ItemDescription,1
THRU:,"[1281.0, 2130.0, 1457.0, 2171.0]",ItemDescription,1
DEC,"[1511.0, 2133.0, 1610.0, 2170.0]",ItemDescription,1
"31,84","[1661.0, 2132.0, 1839.0, 2173.0]",ItemDescription,1
S,"[2040.0, 2196.0, 2062.0, 2236.0]",ItemDescription,2
DOLLARS,"[2153.0, 2195.0, 2403.0, 2236.0]",ItemDescription,2
25/000.QO,"[2794.0, 2195.0, 3124.0, 2239.0]",ItemTotal,2
A52734,"[2799.0, 873.0, 3015.0, 917.0]",InvoiceNumber,0
"25,000.00","[2791.0, 3449.0, 3116.0, 3493.0]",TotalAmount,0
JAN,"[2798.0, 812.0, 2902.0, 853.0]",IssuedDate,0
