text,bbox,label,group_label
12th,"[1209.0, 2147.0, 1317.0, 2184.0]",ItemDescription,1
INST,"[1363.0, 2146.0, 1471.0, 2184.0]",ItemDescription,1
SERVICE,"[1501.0, 2146.0, 1708.0, 2185.0]",ItemDescription,1
FEE,"[1746.0, 2146.0, 1829.0, 2184.0]",ItemDescription,1
FOR,"[1866.0, 2147.0, 1950.0, 2184.0]",ItemDescription,1
CASUALTY,"[1984.0, 2147.0, 2221.0, 2187.0]",ItemDescription,1
PROGRAM,"[2258.0, 2147.0, 2459.0, 2188.0]",ItemDescription,1
"513,750.00","[2613.0, 2147.0, 2909.0, 2199.0]",ItemTotal,1
10488,"[2717.0, 1033.0, 2941.0, 1104.0]",InvoiceNumber,0
12/1/80,"[1292.0, 1063.0, 1495.0, 1109.0]",IssuedDate,0
