text,bbox,label,group_label
SERVICES,"[91.0, 1596.0, 370.0, 1637.0]",ItemDescription,1
RENDERED,"[408.0, 1600.0, 683.0, 1638.0]",ItemDescription,1
PER,"[720.0, 1601.0, 817.0, 1638.0]",ItemDescription,1
ATTACKED,"[859.0, 1601.0, 1134.0, 1642.0]",ItemDescription,1
IN,"[1181.0, 1604.0, 1242.0, 1642.0]",ItemDescription,1
PROCESSING,"[1280.0, 1605.0, 1625.0, 1642.0]",ItemDescription,1
YOUR,"[1663.0, 1605.0, 1797.0, 1643.0]",ItemDescription,1
NAMES,"[1837.0, 1604.0, 2008.0, 1642.0]",ItemDescription,1
THROUGH,"[92.0, 1713.0, 333.0, 1753.0]",ItemDescription,1
OUR,"[370.0, 1716.0, 470.0, 1755.0]",ItemDescription,1
NCSA,"[512.0, 1717.0, 645.0, 1755.0]",ItemDescription,1
XI,"[688.0, 1717.0, 742.0, 1755.0]",ItemDescription,1
ENHANCEMENT,"[788.0, 1717.0, 1171.0, 1759.0]",ItemDescription,1
SYSTEM,"[1209.0, 1721.0, 1416.0, 1759.0]",ItemDescription,1
11457.,"[2472.0, 1721.0, 2655.0, 1760.0]",ItemTotal,1
*11.457.,"[2400.0, 1838.0, 2654.0, 1877.0]",TotalAmount,0
6/13f,"[1459.0, 905.0, 1628.0, 942.0]",IssuedDate,0
