text,bbox,label,group_label
Purpose:,"[301.0, 2007.0, 543.0, 2064.0]",ItemDescription,1
Advertisement,"[482.0, 2175.0, 815.0, 2220.0]",ItemDescription,1
in,"[831.0, 2175.0, 870.0, 2220.0]",ItemDescription,1
American,"[882.0, 2179.0, 1103.0, 2220.0]",ItemDescription,1
Smoker's,"[1120.0, 2177.0, 1320.0, 2221.0]",ItemDescription,1
"Journal,","[1334.0, 2178.0, 1520.0, 2225.0]",ItemDescription,1
fall,"[1541.0, 2177.0, 1611.0, 2220.0]",ItemDescription,1
1994,"[1632.0, 2177.0, 1739.0, 2222.0]",ItemDescription,1
(Back,"[1756.0, 2175.0, 1894.0, 2231.0]",ItemDescription,1
"Cpver,","[1911.0, 2176.0, 2056.0, 2230.0]",ItemDescription,1
four-,"[2077.0, 2174.0, 2186.0, 2220.0]",ItemDescription,1
color,"[481.0, 2248.0, 598.0, 2290.0]",ItemDescription,1
Accomodation,"[610.0, 2249.0, 941.0, 2292.0]",ItemDescription,1
"Ad),","[957.0, 2249.0, 1056.0, 2302.0]",ItemDescription,1
"525,000.00","[480.0, 2627.0, 734.0, 2680.0]",ItemTotal,1
"November25,1994","[2148.0, 1110.0, 2587.0, 1161.0]",IssuedDate,0
