text,bbox,label,group_label
SYSTEM,"[646.0, 1879.0, 788.0, 1910.0]",ItemDescription,1
ENGINEER,"[813.0, 1880.0, 1000.0, 1909.0]",ItemDescription,1
"LABOR,","[1026.0, 1880.0, 1155.0, 1913.0]",ItemDescription,1
PER,"[1188.0, 1880.0, 1258.0, 1909.0]",ItemDescription,1
HOUR,"[1280.0, 1880.0, 1376.0, 1909.0]",ItemDescription,1
1.600100,"[2672.0, 1880.0, 2851.0, 1913.0]",ItemTotal,1
150'00,"[2300.0, 1880.0, 2430.0, 1910.0]",ItemUnitCount,1
1,"[654.0, 1925.0, 666.0, 1952.0]",ItemDescription,2
HOUR,"[695.0, 1921.0, 788.0, 1955.0]",ItemDescription,2
PER,"[812.0, 1921.0, 882.0, 1954.0]",ItemDescription,2
MQNffl-QJMPAQ,"[905.0, 1921.0, 1188.0, 1958.0]",ItemDescription,2
SYSTEMPRQ.,"[1213.0, 1925.0, 1437.0, 1955.0]",ItemDescription,2
"1.800,00","[2666.0, 3509.0, 2847.0, 3542.0]",ItemTotal,2
D5X7111,"[2380.0, 479.0, 2647.0, 529.0]",InvoiceNumber,0
03/30/04,"[263.0, 1667.0, 450.0, 1700.0]",IssuedDate,0
