text,bbox,label,group_label
Charges,"[572.0, 1911.0, 767.0, 1969.0]",ItemDescription,1
for,"[788.0, 1911.0, 861.0, 1958.0]",ItemDescription,1
Focus,"[880.0, 1913.0, 1025.0, 1959.0]",ItemDescription,1
Groups,"[1048.0, 1913.0, 1225.0, 1971.0]",ItemDescription,1
on,"[1247.0, 1926.0, 1305.0, 1961.0]",ItemDescription,1
the,"[1326.0, 1917.0, 1398.0, 1961.0]",ItemDescription,1
Crown’s,"[1419.0, 1917.0, 1625.0, 1963.0]",ItemDescription,1
of,"[588.0, 1981.0, 646.0, 2023.0]",ItemDescription,1
London,"[659.0, 1981.0, 846.0, 2024.0]",ItemDescription,1
Study,"[868.0, 1982.0, 1005.0, 2036.0]",ItemDescription,1
(Final,"[1030.0, 1983.0, 1173.0, 2033.0]",ItemDescription,1
Payment),"[1193.0, 1984.0, 1418.0, 2038.0]",ItemDescription,1
"$6,649,70","[2654.0, 1986.0, 2905.0, 2043.0]",ItemTotal,1
Research,"[571.0, 2115.0, 786.0, 2161.0]",ItemDescription,2
Charges,"[812.0, 2115.0, 1008.0, 2174.0]",ItemDescription,2
"$6,500.00","[2654.0, 2123.0, 2907.0, 2177.0]",ItemTotal,2
Product,"[746.0, 2324.0, 936.0, 2368.0]",ItemDescription,3
Purchases,"[956.0, 2325.0, 1199.0, 2368.0]",ItemDescription,3
$149.70,"[2704.0, 2331.0, 2903.0, 2382.0]",ItemTotal,3
02-4609,"[2706.0, 1718.0, 2906.0, 1766.0]",InvoiceNumber,0
February,"[578.0, 1223.0, 795.0, 1282.0]",IssuedDate,0
