text,bbox,label,group_label
Estimated,"[680.0, 2028.0, 992.0, 2072.0]",ItemDescription,1
Total,"[1031.0, 2032.0, 1201.0, 2073.0]",ItemDescription,1
cost,"[1243.0, 2035.0, 1381.0, 2074.0]",ItemDescription,1
of,"[1415.0, 2033.0, 1485.0, 2074.0]",ItemDescription,1
Project......,"[1522.0, 2030.0, 1967.0, 2083.0]",ItemDescription,1
"§24,200.00","[2230.0, 2035.0, 2577.0, 2085.0]",ItemTotal,1
£40,"[721.0, 2086.0, 813.0, 2135.0]",ItemDescription,2
one-on-one,"[851.0, 2099.0, 1201.0, 2131.0]",ItemDescription,2
interviews),"[1243.0, 2087.0, 1613.0, 2139.0]",ItemDescription,2
Minus:,"[675.0, 2143.0, 875.0, 2188.0]",ItemDescription,2
First,"[675.0, 2202.0, 847.0, 2244.0]",ItemDescription,2
Installment,"[889.0, 2204.0, 1271.0, 2245.0]",ItemDescription,2
Billed,"[1307.0, 2203.0, 1514.0, 2245.0]",ItemDescription,2
2-14-94,"[1556.0, 2208.0, 1792.0, 2246.0]",ItemDescription,2
"12,100.00","[2259.0, 2207.0, 2571.0, 2256.0]",ItemTotal,2
2,"[679.0, 2264.0, 705.0, 2302.0]",ItemDescription,3
no,"[746.0, 2269.0, 813.0, 2302.0]",ItemDescription,3
shows,"[851.0, 2261.0, 1025.0, 2303.0]",ItemDescription,3
(one,"[1071.0, 2262.0, 1200.0, 2311.0]",ItemDescription,3
in,"[1239.0, 2262.0, 1306.0, 2304.0]",ItemDescription,3
each,"[1347.0, 2262.0, 1480.0, 2305.0]",ItemDescription,3
market),"[1517.0, 2263.0, 1754.0, 2312.0]",ItemDescription,3
Plus:,"[671.0, 2319.0, 838.0, 2361.0]",ItemDescription,3
"1,000.00","[2296.0, 2265.0, 2571.0, 2314.0]",ItemTotal,3
Food,"[674.0, 2377.0, 812.0, 2418.0]",ItemDescription,4
and,"[850.0, 2376.0, 955.0, 2419.0]",ItemDescription,4
Shipping,"[992.0, 2375.0, 1267.0, 2429.0]",ItemDescription,4
in,"[1309.0, 2375.0, 1372.0, 2420.0]",ItemDescription,4
New,"[1410.0, 2380.0, 1513.0, 2421.0]",ItemDescription,4
York,"[1551.0, 2380.0, 1688.0, 2421.0]",ItemDescription,4
515.00,"[2363.0, 2382.0, 2571.0, 2419.0]",ItemTotal,4
Food,"[674.0, 2433.0, 812.0, 2477.0]",ItemDescription,5
and,"[850.0, 2433.0, 955.0, 2477.0]",ItemDescription,5
Shipping,"[992.0, 2432.0, 1270.0, 2486.0]",ItemDescription,5
in,"[1309.0, 2433.0, 1375.0, 2476.0]",ItemDescription,5
San,"[1413.0, 2437.0, 1513.0, 2475.0]",ItemDescription,5
Diego,"[1551.0, 2433.0, 1725.0, 2487.0]",ItemDescription,5
31.48,"[2401.0, 2436.0, 2570.0, 2477.0]",ItemTotal,5
1994-24,"[1602.0, 1689.0, 1839.0, 1729.0]",InvoiceNumber,0
"11,946.48","[2256.0, 2552.0, 2567.0, 2599.0]",TotalAmount,0
March,"[1919.0, 1238.0, 2094.0, 1275.0]",IssuedDate,0
