text,bbox,label,group_label
Retrieval,"[679.0, 1351.0, 988.0, 1392.0]",ItemDescription,1
of,"[1030.0, 1353.0, 1096.0, 1392.0]",ItemDescription,1
comments,"[1138.0, 1355.0, 1409.0, 1393.0]",ItemDescription,1
189,"[541.0, 1355.0, 634.0, 1392.0]",ItemUnitCount,1
in,"[1455.0, 1351.0, 1517.0, 1392.0]",ItemDescription,2
OST-96-1880.,"[1555.0, 1355.0, 1958.0, 1392.0]",ItemDescription,2
275.00,"[2680.0, 1355.0, 2880.0, 1393.0]",ItemTotal,2
5.00,"[2329.0, 1355.0, 2459.0, 1393.0]",ItemUnitCount,2
Review,"[679.0, 1404.0, 888.0, 1446.0]",ItemDescription,3
latest,"[926.0, 1404.0, 1130.0, 1446.0]",ItemDescription,3
DOT,"[1171.0, 1407.0, 1276.0, 1445.0]",ItemDescription,3
docket,"[1313.0, 1404.0, 1513.0, 1446.0]",ItemDescription,3
submissions;,"[1556.0, 1401.0, 1960.0, 1456.0]",ItemDescription,3
draft,"[680.0, 1459.0, 850.0, 1496.0]",ItemDescription,3
memo,"[888.0, 1467.0, 1029.0, 1496.0]",ItemDescription,3
to,"[1067.0, 1463.0, 1133.0, 1496.0]",ItemDescription,3
M.,"[1170.0, 1459.0, 1229.0, 1496.0]",ItemDescription,3
Pottorff,"[1280.0, 1459.0, 1551.0, 1496.0]",ItemDescription,3
on,"[1591.0, 1467.0, 1657.0, 1496.0]",ItemDescription,3
ICAO,"[1700.0, 1459.0, 1829.0, 1496.0]",ItemDescription,3
408,"[537.0, 1408.0, 636.0, 1446.0]",ItemUnitCount,3
"meetings,","[679.0, 1509.0, 980.0, 1559.0]",ItemDescription,4
matters.,"[679.0, 1563.0, 946.0, 1603.0]",ItemDescription,4
Airbus,"[1030.0, 1509.0, 1235.0, 1551.0]",ItemDescription,4
draft,"[1276.0, 1508.0, 1443.0, 1547.0]",ItemDescription,4
and,"[1485.0, 1509.0, 1586.0, 1550.0]",ItemDescription,4
related,"[1625.0, 1509.0, 1865.0, 1550.0]",ItemDescription,4
1.50,"[2330.0, 1567.0, 2459.0, 1604.0]",ItemUnitCount,4
Draft,"[679.0, 1616.0, 850.0, 1655.0]",ItemDescription,5
memo,"[891.0, 1626.0, 1025.0, 1655.0]",ItemDescription,5
to,"[1068.0, 1620.0, 1133.0, 1655.0]",ItemDescription,5
Ambassador,"[1168.0, 1613.0, 1517.0, 1655.0]",ItemDescription,5
Peissik;,"[1559.0, 1613.0, 1821.0, 1663.0]",ItemDescription,5
prepare,"[679.0, 1680.0, 920.0, 1720.0]",ItemDescription,5
summary,"[963.0, 1680.0, 1205.0, 1717.0]",ItemDescription,5
of,"[1242.0, 1667.0, 1304.0, 1709.0]",ItemDescription,5
FAA,"[1346.0, 1671.0, 1450.0, 1709.0]",ItemDescription,5
funding,"[1488.0, 1667.0, 1725.0, 1717.0]",ItemDescription,5
process,"[1762.0, 1680.0, 2001.0, 1717.0]",ItemDescription,5
and,"[680.0, 1720.0, 783.0, 1761.0]",ItemDescription,5
Aviation,"[817.0, 1720.0, 1100.0, 1762.0]",ItemDescription,5
Trust,"[1134.0, 1721.0, 1304.0, 1760.0]",ItemDescription,5
Fund;,"[1347.0, 1720.0, 1505.0, 1767.0]",ItemDescription,5
send,"[1556.0, 1720.0, 1691.0, 1762.0]",ItemDescription,5
to,"[1730.0, 1725.0, 1796.0, 1762.0]",ItemDescription,5
409,"[537.0, 1617.0, 633.0, 1655.0]",ItemUnitCount,5
Peissik;,"[680.0, 1771.0, 946.0, 1821.0]",ItemDescription,6
draft,"[996.0, 1776.0, 1163.0, 1814.0]",ItemDescription,6
and,"[1208.0, 1776.0, 1309.0, 1813.0]",ItemDescription,6
send,"[1346.0, 1776.0, 1484.0, 1813.0]",ItemDescription,6
memo,"[1521.0, 1785.0, 1654.0, 1813.0]",ItemDescription,6
to,"[1696.0, 1780.0, 1759.0, 1813.0]",ItemDescription,6
N.,"[1796.0, 1779.0, 1855.0, 1814.0]",ItemDescription,6
Bertrand,"[679.0, 1826.0, 959.0, 1867.0]",ItemDescription,6
(Air,"[1009.0, 1826.0, 1134.0, 1871.0]",ItemDescription,6
France),"[1172.0, 1826.0, 1396.0, 1870.0]",ItemDescription,6
on,"[1451.0, 1838.0, 1517.0, 1867.0]",ItemDescription,6
ICAO,"[1560.0, 1830.0, 1691.0, 1867.0]",ItemDescription,6
meeting.,"[1729.0, 1826.0, 1992.0, 1878.0]",ItemDescription,6
409,"[538.0, 1884.0, 633.0, 1921.0]",ItemDescription,6
Telephone,"[679.0, 1880.0, 988.0, 1933.0]",ItemDescription,6
conference,"[1033.0, 1880.0, 1376.0, 1921.0]",ItemDescription,6
with,"[1413.0, 1880.0, 1551.0, 1921.0]",ItemDescription,6
M.,"[1587.0, 1884.0, 1643.0, 1921.0]",ItemDescription,6
Pottorff,"[1696.0, 1880.0, 1966.0, 1921.0]",ItemDescription,6
on,"[2008.0, 1892.0, 2075.0, 1921.0]",ItemDescription,6
945.00,"[2684.0, 1830.0, 2880.0, 1867.0]",ItemTotal,6
3.00,"[2327.0, 1830.0, 2459.0, 1869.0]",ItemUnitCount,6
DOT,"[679.0, 1936.0, 783.0, 1975.0]",ItemDescription,7
"statistics,","[821.0, 1933.0, 1188.0, 1980.0]",ItemDescription,7
Airbus,"[1238.0, 1931.0, 1442.0, 1971.0]",ItemDescription,7
"draft,","[1484.0, 1933.0, 1675.0, 1980.0]",ItemDescription,7
NYC,"[1726.0, 1936.0, 1829.0, 1971.0]",ItemDescription,7
meeting,"[676.0, 1984.0, 920.0, 2038.0]",ItemDescription,7
and,"[961.0, 1984.0, 1066.0, 2026.0]",ItemDescription,7
related,"[1101.0, 1984.0, 1342.0, 2026.0]",ItemDescription,7
matters.,"[1380.0, 1991.0, 1645.0, 2026.0]",ItemDescription,7
315.00,"[2680.0, 1991.0, 2880.0, 2026.0]",ItemTotal,7
1.00,"[2326.0, 1991.0, 2459.0, 2026.0]",ItemUnitCount,7
408,"[538.0, 2042.0, 633.0, 2080.0]",ItemDescription,8
Review,"[679.0, 2038.0, 888.0, 2080.0]",ItemDescription,8
latest,"[927.0, 2038.0, 1129.0, 2080.0]",ItemDescription,8
DOT,"[1170.0, 2042.0, 1272.0, 2078.0]",ItemDescription,8
docket,"[1309.0, 2038.0, 1512.0, 2078.0]",ItemDescription,8
submissions;,"[1555.0, 2038.0, 1959.0, 2085.0]",ItemDescription,8
discuss,"[679.0, 2089.0, 920.0, 2133.0]",ItemDescription,8
with,"[959.0, 2088.0, 1100.0, 2133.0]",ItemDescription,8
M.,"[1134.0, 2092.0, 1191.0, 2133.0]",ItemDescription,8
Crews.,"[1242.0, 2092.0, 1434.0, 2131.0]",ItemDescription,8
315.00,"[2680.0, 2097.0, 2880.0, 2133.0]",ItemTotal,8
1.00,"[2326.0, 2097.0, 2459.0, 2133.0]",ItemUnitCount,8
Travel,"[679.0, 2142.0, 883.0, 2184.0]",ItemDescription,9
DCA/NYC,"[926.0, 2139.0, 1167.0, 2191.0]",ItemDescription,9
1260.00,"[2646.0, 2147.0, 2880.0, 2184.0]",ItemTotal,9
408,"[538.0, 2147.0, 633.0, 2184.0]",ItemUnitCount,9
4.00,"[2325.0, 2147.0, 2459.0, 2184.0]",ItemUnitValue,9
Meeting,"[676.0, 2197.0, 920.0, 2247.0]",ItemDescription,10
with,"[959.0, 2193.0, 1100.0, 2234.0]",ItemDescription,10
N.,"[1130.0, 2197.0, 1192.0, 2234.0]",ItemDescription,10
"Pottorff,","[1242.0, 2195.0, 1538.0, 2242.0]",ItemDescription,10
M.,"[1587.0, 2197.0, 1645.0, 2237.0]",ItemDescription,10
Winokur,"[1691.0, 2192.0, 1933.0, 2238.0]",ItemDescription,10
120,"[1976.0, 2197.0, 2071.0, 2234.0]",ItemDescription,10
409,"[538.0, 2198.0, 633.0, 2234.0]",ItemTotal,10
Park,"[680.0, 2248.0, 816.0, 2288.0]",ItemDescription,11
Ave,"[855.0, 2252.0, 955.0, 2288.0]",ItemDescription,11
on,"[996.0, 2259.0, 1062.0, 2288.0]",ItemDescription,11
various,"[1100.0, 2247.0, 1338.0, 2288.0]",ItemDescription,11
matters,"[1377.0, 2254.0, 1616.0, 2288.0]",ItemDescription,11
945.00,"[2680.0, 2251.0, 2880.0, 2288.0]",ItemTotal,11
3.00,"[2326.0, 2251.0, 2458.0, 2288.0]",ItemUnitCount,11
Travel,"[679.0, 2301.0, 883.0, 2338.0]",ItemDescription,12
NYC/DCA,"[921.0, 2297.0, 1170.0, 2347.0]",ItemDescription,12
1260.00,"[2647.0, 2301.0, 2880.0, 2341.0]",ItemTotal,12
409,"[537.0, 2304.0, 633.0, 2338.0]",ItemUnitCount,12
4.00,"[2325.0, 2304.0, 2459.0, 2341.0]",ItemUnitValue,12
Taxi,"[220.0, 2984.0, 354.0, 3026.0]",ItemDescription,13
275.00,"[2572.0, 2672.0, 2775.0, 2709.0]",ItemTotal,13
17.50,"[466.0, 2672.0, 634.0, 2712.0]",ItemUnitCount,13
5.00,"[2079.0, 2672.0, 2208.0, 2709.0]",ItemUnitValue,13
Air,"[217.0, 3035.0, 320.0, 3077.0]",ItemDescription,14
Express,"[359.0, 3042.0, 600.0, 3088.0]",ItemDescription,14
521.68,"[2680.0, 3038.0, 2880.0, 3077.0]",ItemTotal,14
Xerox,"[217.0, 3198.0, 391.0, 3234.0]",ItemDescription,15
46.3,"[2713.0, 3250.0, 2843.0, 3287.0]",ItemTotal,15
$12791.09,"[2575.0, 3559.0, 2880.0, 3610.0]",TotalAmount,0
