text,bbox,label,group_label
0RAF1,"[475.0, 1538.0, 638.0, 1576.0]",ItemDescription,1
RCYALE,"[683.0, 1538.0, 888.0, 1577.0]",ItemDescription,1
KS,"[930.0, 1538.0, 992.0, 1575.0]",ItemDescription,1
LIGHTS,"[1034.0, 1537.0, 1238.0, 1576.0]",ItemDescription,1
4*687.50,"[2580.0, 1534.0, 2855.0, 1580.0]",ItemTotal,1
ROYALE,"[684.0, 1621.0, 887.0, 1659.0]",ItemDescription,2
LOOS,"[934.0, 1620.0, 1061.0, 1659.0]",ItemDescription,2
LIGHTS,"[1105.0, 1620.0, 1308.0, 1659.0]",ItemDescription,2
4*875.00,"[2580.0, 1621.0, 2855.0, 1663.0]",ItemTotal,2
9*562.50,"[2613.0, 3602.0, 2887.0, 3642.0]",TotalAmount,0
7/6/89,"[1105.0, 1792.0, 1308.0, 1838.0]",IssuedDate,0
