text,bbox,label,group_label
Cost,"[437.0, 2230.0, 558.0, 2276.0]",ItemDescription,1
for,"[571.0, 2230.0, 641.0, 2276.0]",ItemDescription,1
7,"[659.0, 2230.0, 687.0, 2276.0]",ItemDescription,1
questions,"[709.0, 2230.0, 960.0, 2285.0]",ItemDescription,1
on,"[983.0, 2242.0, 1041.0, 2276.0]",ItemDescription,1
AVP,"[1060.0, 2230.0, 1175.0, 2276.0]",ItemDescription,1
Natl,"[1201.0, 2230.0, 1296.0, 2276.0]",ItemDescription,1
Monitor-—,"[1317.0, 2230.0, 1892.0, 2276.0]",ItemDescription,1
Field,"[971.0, 2367.0, 1092.0, 2416.0]",ItemDescription,1
Dates:,"[1113.0, 2367.0, 1276.0, 2416.0]",ItemDescription,1
June,"[1301.0, 2371.0, 1421.0, 2416.0]",ItemDescription,1
1-7.1998,"[1446.0, 2367.0, 1687.0, 2416.0]",ItemDescription,1
"$9,900.00","[2455.0, 2230.0, 2713.0, 2282.0]",ItemTotal,1
P98027-4,"[1700.0, 1101.0, 1950.0, 1146.0]",InvoiceNumber,0
"due-$9,900.00","[667.0, 2652.0, 2704.0, 2701.0]",TotalAmount,0
June,"[1409.0, 1171.0, 1534.0, 1215.0]",IssuedDate,0
