text,bbox,label,group_label
alternative,"[378.0, 1628.0, 619.0, 1675.0]",ItemDescription,1
tobacco,"[640.0, 1631.0, 823.0, 1676.0]",ItemDescription,1
settlements,"[841.0, 1631.0, 1104.0, 1674.0]",ItemDescription,1
in,"[1124.0, 1631.0, 1162.0, 1673.0]",ItemDescription,1
61.5,"[557.0, 1837.0, 657.0, 1882.0]",ItemDescription,2
hours,"[674.0, 1839.0, 807.0, 1883.0]",ItemDescription,2
$400/hr.,"[894.0, 1838.0, 1091.0, 1884.0]",ItemDescription,2
(Entire,"[1112.0, 1838.0, 1273.0, 1894.0]",ItemDescription,2
industry],"[1290.0, 1837.0, 1495.0, 1897.0]",ItemDescription,2
"$24,600.00","[1985.0, 1839.0, 2253.0, 1895.0]",ItemTotal,2
"$59,347.09","[1987.0, 2328.0, 2253.0, 2378.0]",TotalAmount,0
"2,199S","[1530.0, 1145.0, 1705.0, 1198.0]",IssuedDate,0
