text,bbox,label,group_label
Parking,"[692.0, 2781.0, 933.0, 2834.0]",ItemDescription,1
3_00,"[2679.0, 2802.0, 2809.0, 2838.0]",ItemTotal,1
MCPS,"[688.0, 2901.0, 825.0, 2938.0]",ItemDescription,2
Messenger,"[863.0, 2902.0, 1179.0, 2951.0]",ItemDescription,2
Services,"[1217.0, 2905.0, 1496.0, 2947.0]",ItemDescription,2
2.00,"[2676.0, 2922.0, 2805.0, 2955.0]",ItemTotal,2
Faxes,"[688.0, 3018.0, 858.0, 3055.0]",ItemDescription,3
13.00,"[2638.0, 3037.0, 2805.0, 3073.0]",ItemTotal,3
#376685,"[2283.0, 1025.0, 2526.0, 1066.0]",InvoiceNumber,0
2500,"[2072.0, 630.0, 2208.0, 667.0]",TotalAmount,0
February,"[509.0, 1026.0, 791.0, 1076.0]",IssuedDate,0
