text,bbox,label,group_label
Deslgn/Pioducdon,"[935.0, 1803.0, 1340.0, 1849.0]",ItemDescription,1
Services,"[1373.0, 1802.0, 1552.0, 1839.0]",ItemDescription,1
$90.00,"[2727.0, 1807.0, 2870.0, 1848.0]",ItemTotal,1
3.5,"[443.0, 1808.0, 498.0, 1842.0]",ItemUnitCount,1
S60.W,"[2336.0, 1815.0, 2476.0, 1854.0]",ItemUnitValue,1
Canon,"[976.0, 1857.0, 1110.0, 1893.0]",ItemDescription,2
Color,"[1130.0, 1856.0, 1247.0, 1894.0]",ItemDescription,2
Output,"[1264.0, 1858.0, 1418.0, 1901.0]",ItemDescription,2
11x17,"[1443.0, 1857.0, 1556.0, 1891.0]",ItemDescription,2
$15.00,"[2335.0, 1868.0, 2476.0, 1908.0]",ItemTotal,2
1,"[483.0, 1862.0, 493.0, 1895.0]",ItemUnitCount,2
$15.00,"[2726.0, 1861.0, 2872.0, 1903.0]",ItemUnitValue,2
TektroMxDigitalPtoof,"[930.0, 1906.0, 1396.0, 1953.0]",ItemDescription,3
11x17,"[1426.0, 1909.0, 1542.0, 1944.0]",ItemDescription,3
548.00,"[2337.0, 1921.0, 2479.0, 1959.0]",ItemUnitValue,3
0000233,"[2168.0, 598.0, 2339.0, 637.0]",InvoiceNumber,0
$153.00,"[2694.0, 3367.0, 2885.0, 3411.0]",TotalAmount,0
