text,bbox,label,group_label
Salaries,"[145.0, 1997.0, 345.0, 2042.0]",ItemDescription,1
Wages,"[416.0, 2001.0, 604.0, 2054.0]",ItemDescription,1
"$6,542.10","[2016.0, 1995.0, 2262.0, 2045.0]",ItemTotal,1
Employee,"[145.0, 2071.0, 408.0, 2126.0]",ItemDescription,2
Benefits,"[430.0, 2071.0, 634.0, 2117.0]",ItemDescription,2
"$1,904.10","[2013.0, 2069.0, 2260.0, 2122.0]",ItemTotal,2
Supplies,"[141.0, 2147.0, 362.0, 2201.0]",ItemDescription,3
Expenses,"[434.0, 2150.0, 675.0, 2205.0]",ItemDescription,3
$204.13,"[2062.0, 2142.0, 2258.0, 2196.0]",ItemTotal,3
Travel,"[145.0, 2222.0, 295.0, 2267.0]",ItemDescription,4
"$4,152.01","[2012.0, 2297.0, 2250.0, 2347.0]",ItemTotal,4
_59280-1,"[2300.0, 796.0, 2713.0, 858.0]",InvoiceNumber,0
"$11,522.10","[2617.0, 2741.0, 2888.0, 2792.0]",TotalAmount,0
October,"[2427.0, 863.0, 2616.0, 904.0]",IssuedDate,0
