text,bbox,label,group_label
Title:,"[238.0, 1488.0, 375.0, 1533.0]",ItemDescription,1
“Nicotine,"[395.0, 1488.0, 629.0, 1533.0]",ItemDescription,1
induced,"[646.0, 1488.0, 842.0, 1530.0]",ItemDescription,1
plastic,"[863.0, 1488.0, 1025.0, 1542.0]",ItemDescription,1
changes,"[1042.0, 1491.0, 1240.0, 1542.0]",ItemDescription,1
in,"[1259.0, 1491.0, 1304.0, 1530.0]",ItemDescription,1
the,"[1322.0, 1492.0, 1396.0, 1531.0]",ItemDescription,1
brain,"[1417.0, 1491.0, 1550.0, 1533.0]",ItemDescription,1
revealed,"[1571.0, 1491.0, 1775.0, 1531.0]",ItemDescription,1
by,"[1796.0, 1491.0, 1854.0, 1542.0]",ItemDescription,1
high,"[1875.0, 1491.0, 1979.0, 1545.0]",ItemDescription,1
resolution,"[2000.0, 1491.0, 2242.0, 1533.0]",ItemDescription,1
imaging:,"[2262.0, 1492.0, 2479.0, 1545.0]",ItemDescription,1
from,"[2502.0, 1492.0, 2621.0, 1534.0]",ItemDescription,1
subcefluiar,"[241.0, 1555.0, 517.0, 1601.0]",ItemDescription,1
actions,"[534.0, 1561.0, 708.0, 1601.0]",ItemDescription,1
to,"[727.0, 1562.0, 770.0, 1601.0]",ItemDescription,1
functional,"[791.0, 1555.0, 1042.0, 1601.0]",ItemDescription,1
mapping”,"[1063.0, 1558.0, 1312.0, 1613.0]",ItemDescription,1
25312.5,"[1478.0, 2005.0, 1666.0, 2046.0]",ItemTotal,1
2nd,"[2371.0, 1276.0, 2438.0, 1333.0]",IssuedDate,0
