text,bbox,label,group_label
Patent,"[1076.0, 1396.0, 1250.0, 1429.0]",ItemDescription,1
£345.30,"[2655.0, 2071.0, 2855.0, 2109.0]",ItemTotal,1
CANADA,"[683.0, 2163.0, 854.0, 2197.0]",ItemDescription,2
£325.75,"[2660.0, 2159.0, 2855.0, 2193.0]",ItemTotal,2
FINLAND,"[687.0, 2276.0, 883.0, 2309.0]",ItemDescription,3
E293.80,"[2660.0, 2272.0, 2855.0, 2305.0]",ItemTotal,3
JAPAN,"[684.0, 2359.0, 825.0, 2392.0]",ItemDescription,4
£342.35,"[2660.0, 2357.0, 2855.0, 2392.0]",ItemTotal,4
Official,"[684.0, 2697.0, 909.0, 2730.0]",ItemDescription,5
Fees,"[942.0, 2698.0, 1054.0, 2730.0]",ItemDescription,5
for,"[1088.0, 2697.0, 1166.0, 2730.0]",ItemDescription,5
obtaining,"[1197.0, 2697.0, 1454.0, 2738.0]",ItemDescription,5
four,"[1487.0, 2697.0, 1596.0, 2730.0]",ItemDescription,5
certified,"[1626.0, 2697.0, 1883.0, 2730.0]",ItemDescription,5
copies,"[1913.0, 2697.0, 2080.0, 2738.0]",ItemDescription,5
of,"[684.0, 2753.0, 741.0, 2788.0]",ItemDescription,5
the,"[772.0, 2751.0, 854.0, 2785.0]",ItemDescription,5
basic,"[884.0, 2751.0, 1026.0, 2787.0]",ItemDescription,5
European,"[1055.0, 2755.0, 1280.0, 2796.0]",ItemDescription,5
Application,"[1309.0, 2751.0, 1626.0, 2797.0]",ItemDescription,5
£40.25,"[2284.0, 2751.0, 2454.0, 2784.0]",ItemTotal,5
31st,"[2083.0, 1109.0, 2196.0, 1142.0]",IssuedDate,0
