text,bbox,label,group_label
TAYLOR,"[1150.0, 1912.0, 1349.0, 1945.0]",ItemDescription,1
WHORTON,"[1388.0, 1912.0, 1619.0, 1945.0]",ItemDescription,1
ROLLER,"[1151.0, 2025.0, 1350.0, 2060.0]",ItemDescription,1
CASE,"[1388.0, 2025.0, 1517.0, 2062.0]",ItemDescription,1
FOR,"[1559.0, 2025.0, 1654.0, 2062.0]",ItemDescription,1
150.00,"[2676.0, 2027.0, 2863.0, 2060.0]",ItemTotal,1
30,"[1728.0, 1204.0, 1782.0, 1237.0]",ItemUnitValue,1
",285.00","[2651.0, 2206.0, 2864.0, 2248.0]",TotalAmount,0
HAY,"[471.0, 386.0, 563.0, 419.0]",IssuedDate,0
