text,bbox,label,group_label
VEHICLE,"[932.0, 2312.0, 1194.0, 2353.0]",ItemDescription,1
RENTAL,"[1240.0, 2313.0, 1461.0, 2352.0]",ItemDescription,1
350.00,"[2391.0, 2311.0, 2608.0, 2355.0]",ItemTotal,1
GAS,"[932.0, 2378.0, 1040.0, 2415.0]",ItemDescription,2
WAREHOUSE,"[932.0, 2440.0, 1271.0, 2478.0]",ItemDescription,2
OVERNIGHTS,"[933.0, 2502.0, 1308.0, 2541.0]",ItemDescription,2
MISCELLANEOUS,"[928.0, 2564.0, 1423.0, 2604.0]",ItemDescription,2
253.95,"[2391.0, 2500.0, 2611.0, 2544.0]",ItemTotal,2
05-164B,"[2660.0, 351.0, 2923.0, 392.0]",InvoiceNumber,0
"$3,068.01","[2272.0, 2812.0, 2608.0, 2865.0]",TotalAmount,0
MAY,"[550.0, 1362.0, 658.0, 1401.0]",IssuedDate,0
