text,bbox,label,group_label
Evaluation,"[412.0, 2017.0, 696.0, 2062.0]",ItemDescription,1
of,"[734.0, 2021.0, 784.0, 2063.0]",ItemDescription,1
Immunosuppression,"[826.0, 2021.0, 1305.0, 2072.0]",ItemDescription,1
in,"[417.0, 2080.0, 466.0, 2117.0]",ItemDescription,1
B6C3F1,"[504.0, 2080.0, 666.0, 2122.0]",ItemDescription,1
Mice,"[704.0, 2080.0, 812.0, 2122.0]",ItemDescription,1
with,"[846.0, 2080.0, 958.0, 2122.0]",ItemDescription,1
B-143,"[992.0, 2081.0, 1133.0, 2122.0]",ItemDescription,1
and.,"[1168.0, 2083.0, 1250.0, 2126.0]",ItemDescription,1
B-157,"[1284.0, 2082.0, 1420.0, 2127.0]",ItemDescription,1
$2450.00,"[1865.0, 2022.0, 2090.0, 2070.0]",ItemTotal,1
1541-1,"[854.0, 1726.0, 1016.0, 1770.0]",InvoiceNumber,0
■January,"[420.0, 1026.0, 620.0, 1076.0]",IssuedDate,0
