text,bbox,label,group_label
Range-Finding,"[657.0, 2081.0, 1062.0, 2147.0]",ItemDescription,1
Study,"[1102.0, 2088.0, 1253.0, 2148.0]",ItemDescription,1
in,"[1295.0, 2088.0, 1349.0, 2137.0]",ItemDescription,1
Albino,"[1383.0, 2087.0, 1570.0, 2137.0]",ItemDescription,1
Rats,"[1608.0, 2091.0, 1729.0, 2138.0]",ItemDescription,1
(phase,"[662.0, 2150.0, 841.0, 2213.0]",ItemDescription,1
I,"[883.0, 2156.0, 899.0, 2202.0]",ItemDescription,1
and,"[942.0, 2156.0, 1032.0, 2202.0]",ItemDescription,1
II),"[1074.0, 2152.0, 1149.0, 2211.0]",ItemDescription,1
with,"[1195.0, 2157.0, 1316.0, 2203.0]",ItemDescription,1
A-11Q*,"[1349.0, 2154.0, 1537.0, 2204.0]",ItemDescription,1
"$2,650,00","[2212.0, 2086.0, 2491.0, 2145.0]",ItemTotal,1
1588-2,"[1229.0, 1832.0, 1413.0, 1882.0]",InvoiceNumber,0
Hay,"[661.0, 1063.0, 752.0, 1120.0]",IssuedDate,0
