text,bbox,label,group_label
L4-Day,"[728.0, 2331.0, 895.0, 2381.0]",ItemDescription,1
Subacute,"[929.0, 2330.0, 1161.0, 2374.0]",ItemDescription,1
Toxicity,"[1195.0, 2332.0, 1428.0, 2382.0]",ItemDescription,1
Study,"[1462.0, 2331.0, 1604.0, 2385.0]",ItemDescription,1
in,"[1646.0, 2334.0, 1695.0, 2374.0]",ItemDescription,1
Rats,"[1729.0, 2334.0, 1841.0, 2376.0]",ItemDescription,1
with,"[1873.0, 2333.0, 1986.0, 2376.0]",ItemDescription,1
"A-57,","[2020.0, 2332.0, 2161.0, 2382.0]",ItemDescription,1
A-156.,"[2199.0, 2332.0, 2368.0, 2382.0]",ItemDescription,1
"A-169,","[721.0, 2386.0, 890.0, 2435.0]",ItemDescription,1
"B-24,","[929.0, 2388.0, 1067.0, 2439.0]",ItemDescription,1
"6-71,","[1104.0, 2387.0, 1246.0, 2437.0]",ItemDescription,1
and,"[1283.0, 2391.0, 1366.0, 2430.0]",ItemDescription,1
B-73,"[1400.0, 2391.0, 1516.0, 2432.0]",ItemDescription,1
"12,300.00","[2620.0, 2334.0, 2878.0, 2384.0]",ItemTotal,1
1599-1,"[1139.0, 2041.0, 1306.0, 2084.0]",InvoiceNumber,0
July,"[721.0, 1198.0, 834.0, 1253.0]",IssuedDate,0
