text,bbox,label,group_label
Art/Production/Type,"[1051.0, 2284.0, 1583.0, 2338.0]",ItemDescription,1
1.5,"[2276.0, 2284.0, 2354.0, 2326.0]",ItemUnitCount,1
b.,"[938.0, 2343.0, 980.0, 2384.0]",ItemDescription,2
"Printing/Brochures,","[1051.0, 2342.0, 1579.0, 2394.0]",ItemDescription,2
"Stationery,","[1620.0, 2343.0, 1925.0, 2392.0]",ItemDescription,2
Tickets,"[1959.0, 2342.0, 2153.0, 2384.0]",ItemDescription,2
c.,"[938.0, 2409.0, 980.0, 2442.0]",ItemDescription,2
Ken,"[1052.0, 2402.0, 1130.0, 2442.0]",ItemDescription,2
Young,"[1163.0, 2401.0, 1301.0, 2451.0]",ItemDescription,2
(2nd,"[1338.0, 2397.0, 1442.0, 2451.0]",ItemDescription,2
payment),"[1476.0, 2397.0, 1696.0, 2451.0]",ItemDescription,2
20.0,"[2246.0, 2342.0, 2354.0, 2384.0]",ItemTotal,2
5.0,"[2275.0, 2401.0, 2355.0, 2441.0]",ItemUnitCount,2
d.,"[938.0, 2458.0, 985.0, 2501.0]",ItemDescription,3
"Production,","[1051.0, 2459.0, 1355.0, 2505.0]",ItemDescription,3
"Distribution,","[1392.0, 2459.0, 1753.0, 2505.0]",ItemDescription,3
Mailing,"[1787.0, 2455.0, 1983.0, 2509.0]",ItemDescription,3
e.,"[938.0, 2527.0, 983.0, 2559.0]",ItemDescription,3
Office,"[1051.0, 2513.0, 1216.0, 2558.0]",ItemDescription,3
Equipment,"[1251.0, 2517.0, 1501.0, 2567.0]",ItemDescription,3
f.,"[938.0, 2572.0, 984.0, 2614.0]",ItemDescription,3
Secretary,"[1051.0, 2576.0, 1301.0, 2625.0]",ItemDescription,3
Salary,"[1334.0, 2573.0, 1501.0, 2626.0]",ItemDescription,3
2.0,"[2275.0, 2572.0, 2358.0, 2613.0]",ItemTotal,3
2.0,"[2275.0, 2455.0, 2354.0, 2500.0]",ItemUnitCount,3
Pro-Am,"[1051.0, 2631.0, 1221.0, 2675.0]",ItemDescription,4
Gifts,"[1251.0, 2631.0, 1386.0, 2675.0]",ItemDescription,4
5.0,"[2276.0, 2630.0, 2358.0, 2673.0]",ItemTotal,4
40.0,"[2251.0, 2976.0, 2359.0, 3016.0]",TotalAmount,0
February,"[634.0, 850.0, 855.0, 901.0]",IssuedDate,0
