text,bbox,label,group_label
Houston,"[731.0, 2250.0, 981.0, 2287.0]",ItemDescription,1
Minneapolis,"[657.0, 2363.0, 1051.0, 2416.0]",ItemDescription,1
Pittsburgh,"[694.0, 2483.0, 1055.0, 2537.0]",ItemDescription,1
"50,580.00","[2372.0, 2484.0, 2688.0, 2531.0]",ItemTotal,1
3,"[438.0, 2732.0, 463.0, 2772.0]",ItemDescription,2
Markets,"[507.0, 2731.0, 758.0, 2770.0]",ItemDescription,2
10/12/92,"[879.0, 2731.0, 1155.0, 2780.0]",ItemDescription,2
Additional,"[1200.0, 2727.0, 1558.0, 2771.0]",ItemDescription,2
Cost,"[1601.0, 2729.0, 1741.0, 2768.0]",ItemDescription,2
Set-Up,"[1784.0, 2729.0, 1995.0, 2779.0]",ItemDescription,2
"5,335.00","[2405.0, 2726.0, 2687.0, 2775.0]",ItemTotal,2
Markets,"[508.0, 2853.0, 758.0, 2893.0]",ItemDescription,3
10/26/92,"[876.0, 2852.0, 1154.0, 2901.0]",ItemDescription,3
Additional,"[1199.0, 2847.0, 1558.0, 2892.0]",ItemDescription,3
Cost,"[1601.0, 2850.0, 1741.0, 2889.0]",ItemDescription,3
"6,580.00","[2404.0, 2848.0, 2687.0, 2896.0]",ItemTotal,3
62.495.00,"[2365.0, 3390.0, 2681.0, 3434.0]",TotalAmount,0
November,"[2048.0, 895.0, 2339.0, 937.0]",IssuedDate,0
