text,bbox,label,group_label
60,"[62.0, 1763.0, 112.0, 1801.0]",ItemDescription,1
Minutes.,"[130.0, 1763.0, 312.0, 1804.0]",ItemDescription,1
The,"[334.0, 1762.0, 412.0, 1802.0]",ItemDescription,1
Tobbaco,"[430.0, 1763.0, 616.0, 1805.0]",ItemDescription,1
"Tapes""","[633.0, 1763.0, 780.0, 1813.0]",ItemDescription,1
leu’s,"[62.0, 1826.0, 154.0, 1867.0]",ItemDescription,1
5/4/97,"[187.0, 1826.0, 325.0, 1867.0]",ItemDescription,1
8:00pm,"[355.0, 1826.0, 516.0, 1880.0]",ItemDescription,1
KSTV/-CBS,"[546.0, 1826.0, 813.0, 1868.0]",ItemDescription,1
75.00,"[2037.0, 1821.0, 2158.0, 1863.0]",ItemTotal,1
I1,"[1666.0, 1812.0, 1700.0, 1863.0]",ItemUnitCount,1
75.00,"[2572.0, 1820.0, 2692.0, 1859.0]",ItemUnitValue,1
5709,"[2534.0, 576.0, 2641.0, 617.0]",InvoiceNumber,0
575.00,"[2579.0, 3705.0, 2727.0, 3744.0]",TotalAmount,0
