text,bbox,label,group_label
Copy,"[225.0, 2181.0, 349.0, 2235.0]",ItemDescription,1
of,"[363.0, 2181.0, 421.0, 2223.0]",ItemDescription,1
"Deposition,","[425.0, 2181.0, 684.0, 2235.0]",ItemDescription,1
of,"[696.0, 2182.0, 755.0, 2225.0]",ItemDescription,1
Walker,"[760.0, 2182.0, 930.0, 2228.0]",ItemDescription,1
Paul,"[946.0, 2186.0, 1050.0, 2228.0]",ItemDescription,1
Merryman.,"[223.0, 2251.0, 466.0, 2306.0]",ItemDescription,1
361,"[2034.0, 2189.0, 2117.0, 2230.0]",ItemTotal,1
361.00,"[2651.0, 2190.0, 2805.0, 2232.0]",ItemUnitValue,1
ASCII,"[225.0, 2317.0, 375.0, 2360.0]",ItemDescription,2
Disk,"[386.0, 2318.0, 495.0, 2360.0]",ItemDescription,2
No,"[633.0, 2318.0, 705.0, 2361.0]",ItemDescription,2
Charge,"[725.0, 2319.0, 891.0, 2374.0]",ItemDescription,2
0.00,"[2359.0, 2328.0, 2459.0, 2368.0]",ItemTotal,2
0.00,"[2705.0, 2329.0, 2805.0, 2370.0]",ItemUnitValue,2
Minuscript,"[221.0, 2385.0, 470.0, 2442.0]",ItemDescription,3
Word,"[222.0, 2456.0, 354.0, 2498.0]",ItemDescription,3
Index,"[370.0, 2456.0, 500.0, 2498.0]",ItemDescription,3
Exhibit,"[221.0, 2523.0, 387.0, 2564.0]",ItemDescription,3
Copying,"[404.0, 2523.0, 599.0, 2577.0]",ItemDescription,3
208.00,"[2647.0, 2533.0, 2805.0, 2573.0]",ItemTotal,3
832,"[2034.0, 2530.0, 2120.0, 2571.0]",ItemUnitCount,3
0.25,"[2359.0, 2532.0, 2459.0, 2572.0]",ItemUnitValue,3
Shipping,"[224.0, 2589.0, 424.0, 2647.0]",ItemDescription,4
Sc,"[441.0, 2592.0, 486.0, 2634.0]",ItemDescription,4
Handling,"[496.0, 2590.0, 712.0, 2648.0]",ItemDescription,4
35.00,"[2329.0, 2598.0, 2459.0, 2639.0]",ItemTotal,4
35.00,"[2676.0, 2603.0, 2805.0, 2643.0]",ItemUnitValue,4
89455,"[2657.0, 1071.0, 2795.0, 1112.0]",InvoiceNumber,0
4/13/98,"[2637.0, 1220.0, 2812.0, 1264.0]",IssuedDate,0
