text,bbox,label,group_label
W],"[213.0, 1914.0, 279.0, 1958.0]",ItemDescription,1
Merchants,"[295.0, 1913.0, 537.0, 1959.0]",ItemDescription,1
30.00,"[2447.0, 1912.0, 2572.0, 1955.0]",ItemTotal,1
WI,"[213.0, 1980.0, 283.0, 2025.0]",ItemDescription,2
Assoc,"[296.0, 1985.0, 433.0, 2022.0]",ItemDescription,2
of,"[450.0, 1980.0, 504.0, 2021.0]",ItemDescription,2
Distributees,"[508.0, 1980.0, 784.0, 2021.0]",ItemDescription,2
30.00,"[2450.0, 1980.0, 2575.0, 2021.0]",ItemTotal,2
W],"[212.0, 2046.0, 279.0, 2092.0]",ItemDescription,3
Assoc,"[296.0, 2051.0, 433.0, 2090.0]",ItemDescription,3
Truck,"[448.0, 2046.0, 588.0, 2088.0]",ItemDescription,3
Stops,"[604.0, 2046.0, 728.0, 2097.0]",ItemDescription,3
30.00,"[2447.0, 2042.0, 2572.0, 2086.0]",ItemTotal,3
WI,"[213.0, 2113.0, 283.0, 2154.0]",ItemDescription,4
Grocers,"[300.0, 2113.0, 479.0, 2155.0]",ItemDescription,4
Assoc,"[495.0, 2116.0, 633.0, 2155.0]",ItemDescription,4
30.00,"[2450.0, 2109.0, 2576.0, 2151.0]",ItemTotal,4
$120.00,"[2447.0, 2372.0, 2633.0, 2416.0]",TotalAmount,0
June,"[212.0, 792.0, 316.0, 833.0]",IssuedDate,0
