text,bbox,label,group_label
Meeting,"[700.0, 1792.0, 892.0, 1851.0]",ItemDescription,1
on,"[913.0, 1805.0, 975.0, 1841.0]",ItemDescription,1
September,"[992.0, 1792.0, 1270.0, 1851.0]",ItemDescription,1
16.1998:2.5,"[1288.0, 1792.0, 1608.0, 1841.0]",ItemDescription,1
hours,"[1630.0, 1796.0, 1771.0, 1841.0]",ItemDescription,1
@$300/hr.,"[1787.0, 1795.0, 2047.0, 1855.0]",ItemDescription,1
750,"[2342.0, 1796.0, 2438.0, 1841.0]",ItemTotal,1
Write,"[696.0, 1863.0, 825.0, 1913.0]",ItemDescription,2
"report,","[846.0, 1867.0, 1000.0, 1925.0]",ItemDescription,2
September,"[1021.0, 1863.0, 1296.0, 1925.0]",ItemDescription,2
"27-29,1998:12","[1313.0, 1863.0, 1716.0, 1916.0]",ItemDescription,2
5,"[1737.0, 1863.0, 1766.0, 1910.0]",ItemDescription,2
hours,"[1783.0, 1867.0, 1921.0, 1913.0]",ItemDescription,2
5300/hr.,"[2015.0, 1866.0, 2213.0, 1919.0]",ItemDescription,2
3750,"[2312.0, 1866.0, 2437.0, 1913.0]",ItemTotal,2
$3450,"[2279.0, 2148.0, 2437.0, 2201.0]",TotalAmount,0
December,"[525.0, 1166.0, 788.0, 1212.0]",IssuedDate,0
