text,bbox,label,group_label
rendered,"[941.0, 2374.0, 1223.0, 2417.0]",ItemDescription,1
in,"[1269.0, 2373.0, 1330.0, 2418.0]",ItemDescription,1
connection,"[1373.0, 2374.0, 1722.0, 2418.0]",ItemDescription,1
with,"[1764.0, 2373.0, 1901.0, 2419.0]",ItemDescription,1
8,"[1947.0, 2377.0, 1971.0, 2417.0]",ItemDescription,1
focused,"[2018.0, 2379.0, 2259.0, 2421.0]",ItemDescription,1
group,"[945.0, 2445.0, 1115.0, 2487.0]",ItemDescription,1
interviews:,"[1162.0, 2432.0, 1532.0, 2479.0]",ItemDescription,1
Boston/Syracuse/Old,"[1627.0, 2437.0, 2293.0, 2489.0]",ItemDescription,1
Gold,"[945.0, 2496.0, 1078.0, 2537.0]",ItemDescription,1
Filters,"[1124.0, 2494.0, 1362.0, 2539.0]",ItemDescription,1
260.00,"[2590.0, 2562.0, 2786.0, 2605.0]",ItemTotal,1
October,"[1838.0, 1340.0, 2082.0, 1385.0]",IssuedDate,0
