text,bbox,label,group_label
SERVICE,"[574.0, 1830.0, 741.0, 1856.0]",ItemDescription,1
FEE,"[769.0, 1831.0, 837.0, 1856.0]",ItemDescription,1
FOR,"[866.0, 1831.0, 933.0, 1856.0]",ItemDescription,1
THE,"[958.0, 1829.0, 1029.0, 1856.0]",ItemDescription,1
MONTH,"[1054.0, 1831.0, 1171.0, 1857.0]",ItemDescription,1
OF,"[1199.0, 1828.0, 1245.0, 1856.0]",ItemDescription,1
JULY,"[1269.0, 1828.0, 1363.0, 1857.0]",ItemDescription,1
1999,"[1391.0, 1828.0, 1479.0, 1853.0]",ItemDescription,1
"$111,900.00","[1887.0, 1824.0, 2144.0, 1857.0]",ItemTotal,1
PE07-00ia7S,"[1896.0, 761.0, 2151.0, 787.0]",InvoiceNumber,0
"$113,900.00","[1883.0, 2449.0, 2140.0, 2482.0]",TotalAmount,0
JULOe/99,"[1963.0, 844.0, 2151.0, 883.0]",IssuedDate,0
