text,bbox,label,group_label
VALIDATIONS,"[568.0, 2120.0, 926.0, 2163.0]",ItemDescription,1
PROJECT,"[571.0, 2262.0, 821.0, 2305.0]",ItemDescription,1
NAME:,"[838.0, 2263.0, 1008.0, 2306.0]",ItemDescription,1
CIGARETTE,"[750.0, 2330.0, 1062.0, 2372.0]",ItemDescription,1
PACKAGING,"[1079.0, 2329.0, 1393.0, 2373.0]",ItemDescription,1
VALIDATIONS,"[567.0, 2400.0, 925.0, 2442.0]",ItemDescription,1
REPORT,"[569.0, 2608.0, 793.0, 2653.0]",ItemDescription,1
SHIPPING,"[569.0, 2679.0, 819.0, 2720.0]",ItemDescription,1
243.60,"[2484.0, 2397.0, 2645.0, 2442.0]",ItemTotal,1
122747,"[2241.0, 682.0, 2412.0, 728.0]",InvoiceNumber,0
283.60,"[2478.0, 3705.0, 2639.0, 3746.0]",TotalAmount,0
Sep,"[2237.0, 811.0, 2331.0, 861.0]",IssuedDate,0
