text,bbox,label,group_label
1?X,"[717.0, 899.0, 804.0, 940.0]",ItemDescription,1
monthly,"[837.0, 899.0, 1054.0, 946.0]",ItemDescription,1
service,"[1088.0, 898.0, 1296.0, 938.0]",ItemDescription,1
charge,"[1333.0, 898.0, 1511.0, 944.0]",ItemDescription,1
will,"[1546.0, 894.0, 1666.0, 933.0]",ItemDescription,1
be,"[1700.0, 893.0, 1757.0, 931.0]",ItemDescription,1
added,"[1794.0, 891.0, 1940.0, 931.0]",ItemDescription,1
after,"[1978.0, 891.0, 2128.0, 929.0]",ItemDescription,1
30,"[2166.0, 888.0, 2222.0, 929.0]",ItemDescription,1
days,"[2257.0, 889.0, 2377.0, 935.0]",ItemDescription,1
0666,"[2671.0, 229.0, 2879.0, 301.0]",InvoiceNumber,0
January,"[2127.0, 550.0, 2343.0, 597.0]",IssuedDate,0
