text,bbox,label,group_label
B121,"[1119.0, 1719.0, 1232.0, 1757.0]",ItemDescription,1
ADMINISTERED,"[1265.0, 1719.0, 1619.0, 1756.0]",ItemDescription,1
ORALLY,"[1652.0, 1719.0, 1830.0, 1754.0]",ItemDescription,1
VIA,"[1860.0, 1720.0, 1947.0, 1754.0]",ItemDescription,1
TOXICITY,"[1952.0, 1659.0, 2191.0, 1695.0]",ItemDescription,2
GAVAGE,"[1981.0, 1720.0, 2158.0, 1754.0]",ItemDescription,2
"3,975.00","[1209.0, 2786.0, 1438.0, 2828.0]",TotalAmount,0
DECEMBER,"[1683.0, 828.0, 1919.0, 861.0]",IssuedDate,0
