text,bbox,label,group_label
STUDY,"[582.0, 1684.0, 733.0, 1722.0]",ItemDescription,1
ADMINISTERED,"[1231.0, 1740.0, 1588.0, 1779.0]",ItemDescription,2
wtiai],"[1481.0, 1741.0, 1590.0, 1777.0]",ItemDescription,2
ORALLY,"[1614.0, 1740.0, 1796.0, 1777.0]",ItemDescription,2
VIA,"[1822.0, 1740.0, 1917.0, 1778.0]",ItemDescription,2
TOXICITY,"[1943.0, 1678.0, 2183.0, 1719.0]",ItemDescription,3
SCREENING,"[2209.0, 1679.0, 2479.0, 1716.0]",ItemDescription,3
TEST,"[2505.0, 1678.0, 2629.0, 1716.0]",ItemDescription,3
"3,750.00","[1208.0, 2749.0, 1437.0, 2798.0]",TotalAmount,0
"18,","[1889.0, 844.0, 1961.0, 890.0]",IssuedDate,0
