text,bbox,label,group_label
Membership,"[1108.0, 1986.0, 1379.0, 2036.0]",ItemDescription,1
fee,"[1412.0, 1987.0, 1487.0, 2028.0]",ItemDescription,1
17000.00,"[2100.0, 1986.0, 2316.0, 2029.0]",ItemTotal,1
Subscription,"[1109.0, 2040.0, 1433.0, 2090.0]",ItemDescription,2
to,"[1464.0, 2045.0, 1512.0, 2080.0]",ItemDescription,2
Bulletin,"[1545.0, 2041.0, 1754.0, 2080.0]",ItemDescription,2
FRF,"[1875.0, 2041.0, 1953.0, 2081.0]",ItemDescription,2
1500.00,"[2128.0, 2042.0, 2316.0, 2081.0]",ItemTotal,2
16500.00,"[2095.0, 2201.0, 2316.0, 2242.0]",TotalAmount,0
April,"[1872.0, 828.0, 1997.0, 879.0]",IssuedDate,0
