text,bbox,label,group_label
Greensboro,"[729.0, 1719.0, 1088.0, 1762.0]",ItemDescription,1
Special,"[1130.0, 1714.0, 1367.0, 1767.0]",ItemDescription,1
Election,"[1417.0, 1714.0, 1695.0, 1760.0]",ItemDescription,1
Two-thirde,"[913.0, 1837.0, 1268.0, 1881.0]",ItemDescription,1
of,"[1309.0, 1839.0, 1374.0, 1880.0]",ItemDescription,1
Campaign,"[1417.0, 1836.0, 1695.0, 1889.0]",ItemDescription,1
Consulting,"[1737.0, 1834.0, 2091.0, 1886.0]",ItemDescription,1
Fee,"[2133.0, 1838.0, 2233.0, 1878.0]",ItemDescription,1
(Total,"[920.0, 1898.0, 1116.0, 1945.0]",ItemDescription,1
Consul,"[1167.0, 1896.0, 1367.0, 1942.0]",ItemDescription,1
tine,"[1383.0, 1896.0, 1516.0, 1942.0]",ItemDescription,1
Fee,"[1563.0, 1897.0, 1661.0, 1939.0]",ItemDescription,1
"615,000.00)","[1774.0, 1895.0, 2154.0, 1948.0]",ItemDescription,1
"$10,000.00","[2526.0, 1897.0, 2883.0, 1943.0]",ItemTotal,1
5004,"[2524.0, 809.0, 2660.0, 849.0]",InvoiceNumber,0
November,"[802.0, 1049.0, 1081.0, 1093.0]",IssuedDate,0
