text,bbox,label,group_label
December,"[844.0, 2599.0, 1082.0, 2637.0]",ItemDescription,1
assessment,"[1115.0, 2607.0, 1403.0, 2637.0]",ItemDescription,1
for,"[1440.0, 2598.0, 1519.0, 2638.0]",ItemDescription,1
CIAR,"[1553.0, 2601.0, 1666.0, 2638.0]",ItemDescription,1
December,"[844.0, 2658.0, 1082.0, 2695.0]",ItemDescription,1
supplemental,"[1116.0, 2656.0, 1461.0, 2707.0]",ItemDescription,1
assessment,"[1495.0, 2665.0, 1782.0, 2697.0]",ItemDescription,1
for,"[1820.0, 2658.0, 1899.0, 2695.0]",ItemDescription,1
Johns,"[1928.0, 2658.0, 2073.0, 2695.0]",ItemDescription,1
"Hopkins,","[2107.0, 2657.0, 2328.0, 2707.0]",ItemDescription,1
"$35,531.42","[2570.0, 2596.0, 2865.0, 2642.0]",ItemTotal,1
Dr.,"[994.0, 2716.0, 1073.0, 2752.0]",ItemDescription,2
"Matanoski,","[1112.0, 2715.0, 1395.0, 2760.0]",ItemDescription,2
Confounders,"[1437.0, 2714.0, 1750.0, 2752.0]",ItemDescription,2
Study,"[1787.0, 2716.0, 1931.0, 2762.0]",ItemDescription,2
"7,922.27","[2630.0, 2712.0, 2866.0, 2756.0]",ItemTotal,2
"$43,453.69","[2571.0, 2825.0, 2866.0, 2871.0]",TotalAmount,0
December,"[1989.0, 1519.0, 2218.0, 1557.0]",IssuedDate,0
