text,bbox,label,group_label
Nos;,"[1015.0, 1587.0, 1126.0, 1623.0]",ItemDescription,1
1360/1,"[1202.0, 1583.0, 1377.0, 1629.0]",ItemDescription,1
to,"[1419.0, 1592.0, 1473.0, 1625.0]",ItemDescription,1
6,"[1511.0, 1589.0, 1531.0, 1624.0]",ItemDescription,1
inclusive,"[1572.0, 1586.0, 1842.0, 1625.0]",ItemDescription,1
Conduct,"[740.0, 1642.0, 948.0, 1678.0]",ItemDescription,2
of,"[984.0, 1640.0, 1040.0, 1678.0]",ItemDescription,2
a,"[1077.0, 1649.0, 1102.0, 1677.0]",ItemDescription,2
study,"[1140.0, 1643.0, 1290.0, 1687.0]",ItemDescription,2
to,"[1323.0, 1647.0, 1381.0, 1679.0]",ItemDescription,2
measure,"[1415.0, 1650.0, 1623.0, 1680.0]",ItemDescription,2
environmental,"[1661.0, 1643.0, 2051.0, 1681.0]",ItemDescription,2
tobacco,"[744.0, 1697.0, 951.0, 1734.0]",ItemDescription,2
by,"[982.0, 1699.0, 1044.0, 1741.0]",ItemDescription,2
personal,"[1074.0, 1697.0, 1315.0, 1744.0]",ItemDescription,2
monitoring,"[1352.0, 1698.0, 1656.0, 1744.0]",ItemDescription,2
in,"[1694.0, 1700.0, 1748.0, 1735.0]",ItemDescription,2
European,"[1786.0, 1701.0, 2023.0, 1745.0]",ItemDescription,2
as,"[741.0, 1760.0, 794.0, 1788.0]",ItemDescription,2
described,"[832.0, 1752.0, 1103.0, 1789.0]",ItemDescription,2
in,"[1141.0, 1752.0, 1195.0, 1789.0]",ItemDescription,2
the,"[1232.0, 1754.0, 1316.0, 1788.0]",ItemDescription,2
Application,"[1350.0, 1753.0, 1686.0, 1800.0]",ItemDescription,2
for,"[1723.0, 1755.0, 1811.0, 1792.0]",ItemDescription,2
Research,"[1845.0, 1756.0, 2086.0, 1793.0]",ItemDescription,2
Contract,"[741.0, 1810.0, 978.0, 1846.0]",ItemDescription,2
3rd,"[833.0, 1862.0, 919.0, 1900.0]",ItemDescription,3
quarterly,"[953.0, 1864.0, 1225.0, 1909.0]",ItemDescription,3
94-08,"[2093.0, 1539.0, 2235.0, 1572.0]",ItemDescription,4
cities,"[2061.0, 1701.0, 2236.0, 1739.0]",ItemDescription,4
"302,200.00","[2668.0, 1870.0, 2971.0, 1911.0]",ItemTotal,4
277,"[2833.0, 340.0, 2916.0, 373.0]",InvoiceNumber,0
13-Jun-95,"[1020.0, 1313.0, 1287.0, 1349.0]",IssuedDate,0
