text,bbox,label,group_label
April,"[521.0, 2642.0, 675.0, 2689.0]",ItemDescription,1
assessment,"[709.0, 2651.0, 1013.0, 2681.0]",ItemDescription,1
for,"[1046.0, 2642.0, 1134.0, 2681.0]",ItemDescription,1
CIAR,"[1167.0, 2647.0, 1284.0, 2681.0]",ItemDescription,1
April,"[521.0, 2698.0, 675.0, 2747.0]",ItemDescription,1
supplemental,"[709.0, 2701.0, 1071.0, 2751.0]",ItemDescription,1
assessment,"[1105.0, 2709.0, 1401.0, 2738.0]",ItemDescription,1
for,"[1435.0, 2702.0, 1521.0, 2742.0]",ItemDescription,1
Johns,"[1551.0, 2702.0, 1699.0, 2742.0]",ItemDescription,1
"Hopkins,","[1730.0, 2702.0, 1962.0, 2751.0]",ItemDescription,1
Dr.,"[676.0, 2759.0, 758.0, 2797.0]",ItemDescription,1
"Mat&noskl,","[796.0, 2756.0, 1092.0, 2805.0]",ItemDescription,1
Confounders,"[1137.0, 2759.0, 1459.0, 2797.0]",ItemDescription,1
Study,"[1495.0, 2759.0, 1640.0, 2809.0]",ItemDescription,1
"$44,446.13","[2313.0, 2642.0, 2612.0, 2691.0]",ItemTotal,1
"$51,048.02","[2313.0, 2872.0, 2610.0, 2917.0]",TotalAmount,0
April,"[1704.0, 1567.0, 1854.0, 1613.0]",IssuedDate,0
