text,bbox,label,group_label
ATLANTA,"[165.0, 1888.0, 389.0, 1918.0]",ItemDescription,1
JRNL.,"[432.0, 1889.0, 585.0, 1919.0]",ItemDescription,1
L,"[635.0, 1890.0, 659.0, 1918.0]",ItemDescription,1
CONST,"[701.0, 1886.0, 856.0, 1918.0]",ItemDescription,1
3.677.70,"[2904.0, 1885.0, 3165.0, 1917.0]",ItemTotal,1
dALllMORt,"[165.0, 1943.0, 451.0, 1972.0]",ItemDescription,2
SuN,"[501.0, 1944.0, 593.0, 1972.0]",ItemDescription,2
2.985.20,"[2900.0, 1939.0, 3165.0, 1971.0]",ItemTotal,2
BOSTON,"[165.0, 1997.0, 357.0, 2030.0]",ItemDescription,3
HERALD,"[397.0, 1997.0, 594.0, 2028.0]",ItemDescription,3
2.416.S3,"[2903.0, 1993.0, 3165.0, 2025.0]",ItemTotal,3
40,"[975.0, 1998.0, 1034.0, 2029.0]",ItemUnitCount,3
BUFFALO,"[164.0, 2052.0, 392.0, 2081.0]",ItemDescription,4
NEWS,"[431.0, 2052.0, 556.0, 2082.0]",ItemDescription,4
2.786.30,"[2903.0, 2047.0, 3165.0, 2079.0]",ItemTotal,4
065,"[939.0, 2049.0, 1034.0, 2081.0]",ItemUnitCount,4
CHICAGO,"[164.0, 2106.0, 393.0, 2138.0]",ItemDescription,5
TRUJUNE,"[438.0, 2106.0, 659.0, 2136.0]",ItemDescription,5
I,"[946.0, 2108.0, 959.0, 2137.0]",ItemDescription,5
"a,128.55","[2905.0, 2101.0, 3165.0, 2134.0]",ItemTotal,5
9.563.00,"[2428.0, 2104.0, 2690.0, 2133.0]",ItemUnitValue,5
CINCINNATI,"[161.0, 2160.0, 485.0, 2192.0]",ItemDescription,6
c.NQUlRtR,"[531.0, 2161.0, 796.0, 2192.0]",ItemDescription,6
3.235.95,"[2904.0, 2156.0, 3165.0, 2190.0]",ItemTotal,6
140,"[943.0, 2162.0, 1030.0, 2195.0]",ItemUnitCount,6
CLEVELAND,"[164.0, 2214.0, 459.0, 2248.0]",ItemDescription,7
PLAIN,"[496.0, 2215.0, 659.0, 2248.0]",ItemDescription,7
DEALER,"[699.0, 2215.0, 895.0, 2248.0]",ItemDescription,7
3.663.50,"[2903.0, 2210.0, 3165.0, 2243.0]",ItemTotal,7
COLUMBUS,"[163.0, 2268.0, 425.0, 2302.0]",ItemDescription,8
DISPATCH,"[463.0, 2268.0, 730.0, 2302.0]",ItemDescription,8
3.816.50,"[2907.0, 2264.0, 3167.0, 2296.0]",ItemTotal,8
150,"[946.0, 2269.0, 1030.0, 2300.0]",ItemUnitCount,8
*.490.00,"[2428.0, 2266.0, 2690.0, 2298.0]",ItemUnitValue,8
FT,"[167.0, 2327.0, 222.0, 2356.0]",ItemDescription,9
UULHUACt.,"[333.0, 2327.0, 592.0, 2357.0]",ItemDescription,9
NEWS,"[634.0, 2328.0, 763.0, 2357.0]",ItemDescription,9
2.989.45,"[2906.0, 2321.0, 3168.0, 2351.0]",ItemTotal,9
DALLAS,"[166.0, 2382.0, 359.0, 2414.0]",ItemDescription,10
T,"[401.0, 2382.0, 421.0, 2410.0]",ItemDescription,10
i,"[438.0, 2382.0, 449.0, 2414.0]",ItemDescription,10
Me.S,"[468.0, 2382.0, 559.0, 2411.0]",ItemDescription,10
MERALQ^,"[600.0, 2382.0, 846.0, 2429.0]",ItemDescription,10
OAYTON,"[163.0, 2435.0, 359.0, 2467.0]",ItemDescription,10
DAILY,"[396.0, 2436.0, 558.0, 2468.0]",ItemDescription,10
NEWS,"[600.0, 2436.0, 729.0, 2465.0]",ItemDescription,10
2.632.20,"[2902.0, 2431.0, 3164.0, 2464.0]",ItemTotal,10
102,"[945.0, 2434.0, 1033.0, 2469.0]",ItemUnitCount,10
DENVER,"[163.0, 2490.0, 354.0, 2523.0]",ItemDescription,11
POST,"[396.0, 2490.0, 524.0, 2523.0]",ItemDescription,11
DuTROIT,"[166.0, 2548.0, 387.0, 2578.0]",ItemDescription,11
NlW.’>,"[433.0, 2552.0, 560.0, 2579.0]",ItemDescription,11
HARTFORD,"[166.0, 2602.0, 424.0, 2636.0]",ItemDescription,11
COURANT,"[466.0, 2603.0, 695.0, 2636.0]",ItemDescription,11
2.67,"[2903.0, 2487.0, 3030.0, 2518.0]",ItemTotal,11
HOUSTON,"[166.0, 2656.0, 395.0, 2688.0]",ItemDescription,12
POST,"[433.0, 2656.0, 561.0, 2686.0]",ItemDescription,12
"4,242.35","[2902.0, 2651.0, 3168.0, 2684.0]",ItemTotal,12
260,"[937.0, 2654.0, 1033.0, 2690.0]",ItemUnitCount,12
KANSAS,"[162.0, 2710.0, 358.0, 2739.0]",ItemDescription,13
CITY,"[399.0, 2710.0, 524.0, 2739.0]",ItemDescription,13
STAR,"[570.0, 2710.0, 698.0, 2740.0]",ItemDescription,13
4.287.40,"[2902.0, 2706.0, 3168.0, 2738.0]",ItemTotal,13
LUUiJVli_Lt.,"[162.0, 2766.0, 487.0, 2798.0]",ItemDescription,14
CLIURILR,"[532.0, 2765.0, 762.0, 2794.0]",ItemDescription,14
JOUWJZO,"[808.0, 2766.0, 1032.0, 2795.0]",ItemDescription,14
PA,"[1211.0, 2767.0, 1265.0, 2792.0]",ItemDescription,14
Gt,"[1279.0, 2767.0, 1328.0, 2796.0]",ItemDescription,14
LOi,"[165.0, 2818.0, 258.0, 2852.0]",ItemDescription,14
ANGuLES,"[299.0, 2819.0, 524.0, 2852.0]",ItemDescription,14
HtFiALQ,"[569.0, 2820.0, 765.0, 2857.0]",ItemDescription,14
EXAHJ2A,"[805.0, 2820.0, 1035.0, 2853.0]",ItemDescription,14
3/,"[1214.0, 2820.0, 1265.0, 2851.0]",ItemDescription,14
D,"[1278.0, 2830.0, 1304.0, 2851.0]",ItemDescription,14
H,"[1340.0, 2825.0, 1369.0, 2846.0]",ItemDescription,14
1,"[2060.0, 2766.0, 2076.0, 2794.0]",ItemUnitCount,14
MEMPHIS,"[166.0, 2873.0, 394.0, 2905.0]",ItemDescription,15
COMMERCIAL,"[429.0, 2873.0, 763.0, 2906.0]",ItemDescription,15
APPE330,"[807.0, 2874.0, 1035.0, 2905.0]",ItemDescription,15
3.165.40,"[2905.0, 2869.0, 3168.0, 2901.0]",ItemTotal,15
MIAMI,"[166.0, 2931.0, 319.0, 2960.0]",ItemDescription,16
HERALD,"[365.0, 2931.0, 561.0, 2960.0]",ItemDescription,16
5.703.60,"[2905.0, 2926.0, 3167.0, 2958.0]",ItemTotal,16
MILWAUKEL,"[169.0, 2985.0, 448.0, 3014.0]",ItemDescription,17
JllUPNAL,"[504.0, 2986.0, 727.0, 3014.0]",ItemDescription,17
JSD,"[956.0, 2984.0, 1035.0, 3013.0]",ItemDescription,17
3/,"[1218.0, 2984.0, 1268.0, 3013.0]",ItemDescription,17
a>,"[1282.0, 2991.0, 1306.0, 3013.0]",ItemDescription,17
MINNEAPOLIS,"[169.0, 3039.0, 528.0, 3069.0]",ItemDescription,17
STAR,"[572.0, 3037.0, 698.0, 3068.0]",ItemDescription,17
"t,","[740.0, 3045.0, 763.0, 3068.0]",ItemDescription,17
TR1H360,"[811.0, 3037.0, 1034.0, 3069.0]",ItemDescription,17
PAGE,"[1210.0, 3038.0, 1339.0, 3067.0]",ItemDescription,17
□MAHA,"[168.0, 3093.0, 328.0, 3123.0]",ItemDescription,18
WORLD,"[369.0, 3093.0, 528.0, 3124.0]",ItemDescription,18
HERALD,"[569.0, 3091.0, 764.0, 3124.0]",ItemDescription,18
"3,033.65","[2908.0, 3088.0, 3171.0, 3121.0]",ItemTotal,18
460,"[940.0, 3092.0, 1035.0, 3124.0]",ItemUnitCount,18
ORLANDO,"[165.0, 3148.0, 394.0, 3177.0]",ItemDescription,19
5FNTTNEL,"[436.0, 3148.0, 693.0, 3178.0]",ItemDescription,19
OO,"[940.0, 3146.0, 1035.0, 3179.0]",ItemDescription,19
PAGE,"[1210.0, 3146.0, 1335.0, 3178.0]",ItemDescription,19
"2,963.50","[2905.0, 3143.0, 3170.0, 3176.0]",ItemTotal,19
PH,"[169.0, 3203.0, 227.0, 3231.0]",ItemDescription,20
I,"[240.0, 3205.0, 252.0, 3232.0]",ItemDescription,20
L,"[265.0, 3207.0, 289.0, 3235.0]",ItemDescription,20
ALjL,"[302.0, 3206.0, 381.0, 3231.0]",ItemDescription,20
1,"[398.0, 3206.0, 411.0, 3231.0]",ItemDescription,20
RH1,"[432.0, 3204.0, 522.0, 3232.0]",ItemDescription,20
A,"[540.0, 3207.0, 561.0, 3228.0]",ItemDescription,20
INQUIRER,"[610.0, 3203.0, 865.0, 3233.0]",ItemDescription,20
49U,"[943.0, 3205.0, 1035.0, 3233.0]",ItemDescription,20
3/5,"[1218.0, 3205.0, 1306.0, 3234.0]",ItemDescription,20
PC,"[1343.0, 3205.0, 1400.0, 3230.0]",ItemDescription,20
UP,"[1585.0, 3203.0, 1644.0, 3232.0]",ItemDescription,20
Ehl,"[1655.0, 3203.0, 1713.0, 3232.0]",ItemDescription,20
PhOVIOLNCL,"[168.0, 3260.0, 492.0, 3289.0]",ItemDescription,20
JOURNAL,"[535.0, 3258.0, 764.0, 3293.0]",ItemDescription,20
=12(3,"[943.0, 3258.0, 1036.0, 3296.0]",ItemDescription,20
3/3,"[1214.0, 3259.0, 1306.0, 3296.0]",ItemDescription,20
PC,"[1347.0, 3259.0, 1400.0, 3288.0]",ItemDescription,20
OPEN,"[1584.0, 3257.0, 1713.0, 3289.0]",ItemDescription,20
7.344.fib,"[2909.0, 3198.0, 3171.0, 3231.0]",ItemTotal,20
ROCHESTER,"[168.0, 3313.0, 463.0, 3343.0]",ItemDescription,21
DEM,"[505.0, 3312.0, 602.0, 3344.0]",ItemDescription,21
t,"[639.0, 3314.0, 664.0, 3344.0]",ItemDescription,21
CHRON.,"[706.0, 3312.0, 896.0, 3344.0]",ItemDescription,21
530,"[943.0, 3312.0, 1038.0, 3345.0]",ItemDescription,21
3/5,"[1214.0, 3313.0, 1309.0, 3342.0]",ItemDescription,21
SAN,"[172.0, 3368.0, 260.0, 3398.0]",ItemDescription,22
ANTONIO,"[305.0, 3368.0, 531.0, 3398.0]",ItemDescription,22
EXPRCS5-NEWS50,"[571.0, 3366.0, 1038.0, 3399.0]",ItemDescription,22
PACE,"[1214.0, 3367.0, 1339.0, 3396.0]",ItemDescription,22
OPEN,"[1584.0, 3365.0, 1716.0, 3396.0]",ItemDescription,22
TULSA,"[172.0, 3477.0, 327.0, 3510.0]",ItemDescription,23
WORLD,"[368.0, 3477.0, 530.0, 3508.0]",ItemDescription,23
TOLEDO,"[171.0, 3535.0, 359.0, 3564.0]",ItemDescription,23
BLADE,"[402.0, 3536.0, 560.0, 3565.0]",ItemDescription,23
11.594.60,"[2853.0, 3517.0, 3170.0, 3560.0]",ItemTotal,23
11025,"[2426.0, 1387.0, 2552.0, 1418.0]",InvoiceNumber,0
739.65,"[2978.0, 3748.0, 3173.0, 3781.0]",TotalAmount,0
