text,bbox,label,group_label
Professional,"[405.0, 1801.0, 658.0, 1834.0]",ItemDescription,1
Staff,"[671.0, 1801.0, 779.0, 1834.0]",ItemDescription,1
Time,"[787.0, 1801.0, 896.0, 1836.0]",ItemDescription,1
Mark,"[451.0, 1892.0, 566.0, 1930.0]",ItemDescription,1
WiLcox/Vice,"[580.0, 1892.0, 851.0, 1930.0]",ItemDescription,1
President,"[867.0, 1892.0, 1063.0, 1932.0]",ItemDescription,1
S225,"[1142.0, 1895.0, 1245.0, 1934.0]",ItemDescription,1
"53,262.50","[2709.0, 1892.0, 2921.0, 1937.0]",ItemTotal,1
1450,"[1866.0, 1889.0, 1978.0, 1926.0]",ItemUnitCount,1
Total,"[396.0, 1984.0, 508.0, 2017.0]",ItemDescription,2
Professional,"[526.0, 1984.0, 779.0, 2018.0]",ItemDescription,2
Staff,"[792.0, 1984.0, 900.0, 2017.0]",ItemDescription,2
Time,"[909.0, 1984.0, 1016.0, 2018.0]",ItemDescription,2
"53,262.50","[2726.0, 1984.0, 2922.0, 2030.0]",ItemTotal,2
021346,"[2480.0, 767.0, 2637.0, 805.0]",InvoiceNumber,0
"$3,26230","[2680.0, 2388.0, 2917.0, 2438.0]",TotalAmount,0
February,"[2409.0, 871.0, 2628.0, 926.0]",IssuedDate,0
