text,bbox,label,group_label
MECHANICALS,"[581.0, 1506.0, 893.0, 1546.0]",ItemDescription,1
1IT0DCSING,"[581.0, 1617.0, 868.0, 1658.0]",ItemDescription,1
300.00,"[2094.0, 1508.0, 2256.0, 1550.0]",ItemTotal,1
1,"[2294.0, 1625.0, 2302.0, 1642.0]",ItemUnitCount,1
SILHOUETTE,"[580.0, 1737.0, 864.0, 1774.0]",ItemDescription,2
OP,"[893.0, 1739.0, 951.0, 1772.0]",ItemDescription,2
LETTERS,"[980.0, 1738.0, 1175.0, 1773.0]",ItemDescription,2
PRINTING:,"[578.0, 1849.0, 826.0, 1888.0]",ItemDescription,2
1500,"[897.0, 1851.0, 1004.0, 1889.0]",ItemDescription,2
REPRINTS,"[1039.0, 1852.0, 1258.0, 1889.0]",ItemDescription,2
EACH,"[892.0, 1910.0, 1004.0, 1946.0]",ItemDescription,2
OF,"[1030.0, 1910.0, 1092.0, 1944.0]",ItemDescription,2
THREE,"[1122.0, 1911.0, 1262.0, 1948.0]",ItemDescription,2
120.00,"[2089.0, 1738.0, 2254.0, 1778.0]",ItemTotal,2
7226.27,"[2624.0, 2837.0, 2815.0, 2875.0]",TotalAmount,0
DAIE,"[1778.0, 605.0, 1882.0, 644.0]",IssuedDate,0
