text,bbox,label,group_label
TERMINAL,"[762.0, 1856.0, 1026.0, 1895.0]",ItemDescription,1
",,CHARCES_","[1045.0, 1858.0, 1748.0, 1901.0]",ItemDescription,1
55.00,"[2080.0, 1854.0, 2241.0, 1892.0]",ItemTotal,1
ENTRY,"[759.0, 1909.0, 929.0, 1946.0]",ItemDescription,2
FEE,"[963.0, 1909.0, 1059.0, 1946.0]",ItemDescription,2
57.50,"[2079.0, 1905.0, 2241.0, 1946.0]",ItemTotal,2
TMMFBTATE,"[763.0, 1967.0, 1059.0, 2006.0]",ItemDescription,3
DELIVERY,"[1100.0, 1967.0, 1360.0, 2006.0]",ItemDescription,3
15.00,"[2083.0, 1963.0, 2238.0, 2002.0]",ItemTotal,3
_VALUATION,"[688.0, 2026.0, 1059.0, 2066.0]",ItemDescription,4
1,"[1100.0, 2026.0, 1125.0, 2067.0]",ItemDescription,4
CLA8SIF,"[1159.0, 2026.0, 1392.0, 2066.0]",ItemDescription,4
t_,"[1409.0, 2045.0, 1748.0, 2066.0]",ItemDescription,4
7.50,"[2112.0, 2021.0, 2239.0, 2063.0]",ItemTotal,4
EELt,"[752.0, 2134.0, 883.0, 2176.0]",ItemDescription,5
ORDER,"[930.0, 2134.0, 1091.0, 2176.0]",ItemDescription,5
1,"[1134.0, 2134.0, 1158.0, 2176.0]",ItemDescription,5
RELEASE,"[1196.0, 2134.0, 1429.0, 2177.0]",ItemDescription,5
10*00,"[2080.0, 2131.0, 2240.0, 2167.0]",ItemTotal,5
0045821,"[2651.0, 1117.0, 2880.0, 1154.0]",InvoiceNumber,0
