text,bbox,label,group_label
Duplicating,"[389.0, 1717.0, 763.0, 1780.0]",ItemDescription,1
Local,"[390.0, 1788.0, 551.0, 1826.0]",ItemDescription,1
Transportation,"[593.0, 1791.0, 1072.0, 1837.0]",ItemDescription,1
"5,015.25","[2485.0, 1739.0, 2752.0, 1782.0]",ItemTotal,1
Long,"[392.0, 1847.0, 522.0, 1894.0]",ItemDescription,2
Distance,"[561.0, 1846.0, 827.0, 1885.0]",ItemDescription,2
Telephone,"[872.0, 1845.0, 1176.0, 1895.0]",ItemDescription,2
327.32,"[2556.0, 1852.0, 2752.0, 1889.0]",ItemTotal,2
Mail,"[389.0, 1901.0, 518.0, 1941.0]",ItemDescription,3
and,"[562.0, 1901.0, 660.0, 1941.0]",ItemDescription,3
Messenger,"[694.0, 1904.0, 1002.0, 1952.0]",ItemDescription,3
Services,"[1044.0, 1902.0, 1309.0, 1941.0]",ItemDescription,3
Miscellaneous,"[389.0, 1959.0, 827.0, 1999.0]",ItemDescription,3
Telecommunications,"[387.0, 2015.0, 1002.0, 2054.0]",ItemDescription,3
Travel,"[389.0, 2074.0, 586.0, 2110.0]",ItemDescription,3
33,"[2590.0, 1910.0, 2644.0, 1945.0]",ItemTotal,3
Duplicating,"[391.0, 2360.0, 761.0, 2413.0]",ItemDescription,4
Local,"[391.0, 2418.0, 549.0, 2459.0]",ItemDescription,4
Transportation,"[595.0, 2419.0, 1071.0, 2468.0]",ItemDescription,4
37.90,"[2591.0, 2424.0, 2749.0, 2461.0]",ItemTotal,4
Long,"[391.0, 2481.0, 519.0, 2525.0]",ItemDescription,5
Distance,"[562.0, 2480.0, 828.0, 2517.0]",ItemDescription,5
Telephone,"[870.0, 2474.0, 1174.0, 2524.0]",ItemDescription,5
62.62,"[2588.0, 2482.0, 2749.0, 2519.0]",ItemTotal,5
Mail,"[387.0, 2533.0, 517.0, 2572.0]",ItemDescription,6
and,"[563.0, 2534.0, 659.0, 2571.0]",ItemDescription,6
Messenger,"[696.0, 2538.0, 1003.0, 2583.0]",ItemDescription,6
Services,"[1042.0, 2533.0, 1309.0, 2573.0]",ItemDescription,6
9.32,"[2625.0, 2539.0, 2750.0, 2577.0]",ItemTotal,6
Miscellaneous,"[387.0, 2592.0, 827.0, 2630.0]",ItemDescription,7
Telecommunications,"[388.0, 2646.0, 1000.0, 2686.0]",ItemDescription,7
235.71,"[2555.0, 2652.0, 2750.0, 2690.0]",ItemTotal,7
Travel,"[388.0, 2701.0, 584.0, 2742.0]",ItemDescription,8
"1,343.49","[2488.0, 2709.0, 2750.0, 2751.0]",ItemTotal,8
Duplicating,"[389.0, 2995.0, 760.0, 3043.0]",ItemDescription,9
40.65,"[2589.0, 3002.0, 2751.0, 3036.0]",ItemTotal,9
Long,"[392.0, 3055.0, 521.0, 3100.0]",ItemDescription,10
Distance,"[563.0, 3051.0, 826.0, 3091.0]",ItemDescription,10
Telephone,"[868.0, 3049.0, 1172.0, 3099.0]",ItemDescription,10
53.13,"[2589.0, 3057.0, 2747.0, 3092.0]",ItemTotal,10
Telecommunications,"[389.0, 3106.0, 1001.0, 3146.0]",ItemDescription,11
51.27,"[2590.0, 3114.0, 2751.0, 3149.0]",ItemTotal,11
"22,","[2520.0, 1032.0, 2604.0, 1073.0]",IssuedDate,0
