text,bbox,label,group_label
Education,"[387.0, 1551.0, 691.0, 1592.0]",ItemDescription,1
and,"[730.0, 1555.0, 825.0, 1591.0]",ItemDescription,1
Training,"[866.0, 1551.0, 1130.0, 1601.0]",ItemDescription,1
Sarvicaa,"[1167.0, 1554.0, 1426.0, 1592.0]",ItemDescription,1
"11,900.00","[2292.0, 1551.0, 2571.0, 1595.0]",ItemTotal,1
Marketing,"[726.0, 1663.0, 1029.0, 1713.0]",ItemDescription,2
plan,"[1067.0, 1667.0, 1196.0, 1713.0]",ItemDescription,2
4.00,"[1972.0, 1666.0, 2100.0, 1701.0]",ItemDescription,2
Development,"[730.0, 1778.0, 1093.0, 1826.0]",ItemDescription,2
of,"[1134.0, 1779.0, 1192.0, 1813.0]",ItemDescription,2
workshop,"[1231.0, 1779.0, 1496.0, 1826.0]",ItemDescription,2
materials,"[1534.0, 1775.0, 1832.0, 1813.0]",ItemDescription,2
6.25,"[1972.0, 1776.0, 2099.0, 1813.0]",ItemDescription,2
State,"[730.0, 1892.0, 895.0, 1930.0]",ItemDescription,2
Association,"[934.0, 1888.0, 1292.0, 1930.0]",ItemDescription,2
Outreach,"[1330.0, 1892.0, 1595.0, 1930.0]",ItemDescription,2
(23.75,"[1912.0, 1889.0, 2099.0, 1938.0]",ItemDescription,2
out,"[387.0, 2059.0, 486.0, 2099.0]",ItemDescription,3
of,"[521.0, 2059.0, 587.0, 2099.0]",ItemDescription,3
pocket,"[625.0, 2059.0, 825.0, 2101.0]",ItemDescription,3
Expense#,"[867.0, 2063.0, 1129.0, 2108.0]",ItemDescription,3
"2,3«o.5i","[2316.0, 2059.0, 2572.0, 2102.0]",ItemTotal,3
W/e,"[726.0, 2176.0, 825.0, 2218.0]",ItemDescription,4
1/21,"[870.0, 2176.0, 992.0, 2217.0]",ItemDescription,4
(Nevada),"[1076.0, 2173.0, 1316.0, 2221.0]",ItemDescription,4
"2,240.88","[1467.0, 2176.0, 1728.0, 2217.0]",ItemTotal,4
Bell,"[729.0, 2284.0, 858.0, 2322.0]",ItemDescription,5
Atlantic,"[896.0, 2280.0, 1162.0, 2322.0]",ItemDescription,5
119.63,"[1538.0, 2287.0, 1729.0, 2322.0]",ItemTotal,5
01969600,"[2071.0, 933.0, 2333.0, 971.0]",InvoiceNumber,0
"14,260.51","[2292.0, 2508.0, 2571.0, 2554.0]",TotalAmount,0
1996,"[1567.0, 1330.0, 1696.0, 1367.0]",IssuedDate,0
