text,bbox,label,group_label
Being,"[187.0, 1436.0, 337.0, 1483.0]",ItemDescription,1
for,"[370.0, 1437.0, 458.0, 1474.0]",ItemDescription,1
charges,"[491.0, 1441.0, 699.0, 1483.0]",ItemDescription,1
as,"[736.0, 1451.0, 790.0, 1477.0]",ItemDescription,1
per,"[821.0, 1451.0, 915.0, 1488.0]",ItemDescription,1
attached,"[949.0, 1445.0, 1187.0, 1479.0]",ItemDescription,1
invoices,"[188.0, 1497.0, 424.0, 1536.0]",ItemDescription,1
ex,"[463.0, 1507.0, 518.0, 1536.0]",ItemDescription,1
Cambridge®,"[550.0, 1499.0, 852.0, 1547.0]",ItemDescription,1
$375.00,"[2460.0, 1512.0, 2668.0, 1550.0]",ItemTotal,1
10947,"[2428.0, 914.0, 2652.0, 978.0]",InvoiceNumber,0
30/7/79,"[2254.0, 1093.0, 2457.0, 1137.0]",IssuedDate,0
